<?xml version="1.0" encoding="UTF-8"?>
<spirit:component xmlns:xilinx="http://www.xilinx.com" xmlns:spirit="http://www.spiritconsortium.org/XMLSchema/SPIRIT/1685-2009" xmlns:xsi="http://www.w3.org/2001/XMLSchema-instance">
  <spirit:vendor>DSPsandbox</spirit:vendor>
  <spirit:library>FPGA-Notes-for-Scientist</spirit:library>
  <spirit:name>dac</spirit:name>
  <spirit:version>1.0</spirit:version>
  <spirit:busInterfaces>
    <spirit:busInterface>
      <spirit:name>dac_data_1</spirit:name>
      <spirit:busType spirit:vendor="xilinx.com" spirit:library="interface" spirit:name="axis" spirit:version="1.0"/>
      <spirit:abstractionType spirit:vendor="xilinx.com" spirit:library="interface" spirit:name="axis_rtl" spirit:version="1.0"/>
      <spirit:slave/>
      <spirit:portMaps>
        <spirit:portMap>
          <spirit:logicalPort>
            <spirit:name>TDATA</spirit:name>
          </spirit:logicalPort>
          <spirit:physicalPort>
            <spirit:name>dac_data_1_tdata</spirit:name>
            <spirit:vector>
              <spirit:left spirit:format="long">15</spirit:left>
              <spirit:right spirit:format="long">0</spirit:right>
            </spirit:vector>
          </spirit:physicalPort>
        </spirit:portMap>
        <spirit:portMap>
          <spirit:logicalPort>
            <spirit:name>TVALID</spirit:name>
          </spirit:logicalPort>
          <spirit:physicalPort>
            <spirit:name>dac_data_1_tvalid</spirit:name>
          </spirit:physicalPort>
        </spirit:portMap>
      </spirit:portMaps>
      <spirit:parameters>
        <spirit:parameter>
          <spirit:name>TDATA_NUM_BYTES</spirit:name>
          <spirit:value spirit:id="BUSIFPARAM_VALUE.DAC_DATA_1.TDATA_NUM_BYTES">2</spirit:value>
        </spirit:parameter>
        <spirit:parameter>
          <spirit:name>TDEST_WIDTH</spirit:name>
          <spirit:value spirit:id="BUSIFPARAM_VALUE.DAC_DATA_1.TDEST_WIDTH">0</spirit:value>
        </spirit:parameter>
        <spirit:parameter>
          <spirit:name>TID_WIDTH</spirit:name>
          <spirit:value spirit:id="BUSIFPARAM_VALUE.DAC_DATA_1.TID_WIDTH">0</spirit:value>
        </spirit:parameter>
        <spirit:parameter>
          <spirit:name>TUSER_WIDTH</spirit:name>
          <spirit:value spirit:id="BUSIFPARAM_VALUE.DAC_DATA_1.TUSER_WIDTH">0</spirit:value>
        </spirit:parameter>
        <spirit:parameter>
          <spirit:name>HAS_TREADY</spirit:name>
          <spirit:value spirit:id="BUSIFPARAM_VALUE.DAC_DATA_1.HAS_TREADY">0</spirit:value>
        </spirit:parameter>
        <spirit:parameter>
          <spirit:name>HAS_TSTRB</spirit:name>
          <spirit:value spirit:id="BUSIFPARAM_VALUE.DAC_DATA_1.HAS_TSTRB">0</spirit:value>
        </spirit:parameter>
        <spirit:parameter>
          <spirit:name>HAS_TKEEP</spirit:name>
          <spirit:value spirit:id="BUSIFPARAM_VALUE.DAC_DATA_1.HAS_TKEEP">0</spirit:value>
        </spirit:parameter>
        <spirit:parameter>
          <spirit:name>HAS_TLAST</spirit:name>
          <spirit:value spirit:id="BUSIFPARAM_VALUE.DAC_DATA_1.HAS_TLAST">0</spirit:value>
        </spirit:parameter>
        <spirit:parameter>
          <spirit:name>LAYERED_METADATA</spirit:name>
          <spirit:value spirit:id="BUSIFPARAM_VALUE.DAC_DATA_1.LAYERED_METADATA">undef</spirit:value>
        </spirit:parameter>
      </spirit:parameters>
      <spirit:vendorExtensions>
        <xilinx:busInterfaceInfo>
          <xilinx:enablement>
            <xilinx:isEnabled xilinx:resolve="dependent" xilinx:id="BUSIF_ENABLEMENT.dac_data_1" xilinx:dependency="$Ch1_Enabled = true">true</xilinx:isEnabled>
          </xilinx:enablement>
        </xilinx:busInterfaceInfo>
      </spirit:vendorExtensions>
    </spirit:busInterface>
    <spirit:busInterface>
      <spirit:name>dac_data_2</spirit:name>
      <spirit:busType spirit:vendor="xilinx.com" spirit:library="interface" spirit:name="axis" spirit:version="1.0"/>
      <spirit:abstractionType spirit:vendor="xilinx.com" spirit:library="interface" spirit:name="axis_rtl" spirit:version="1.0"/>
      <spirit:slave/>
      <spirit:portMaps>
        <spirit:portMap>
          <spirit:logicalPort>
            <spirit:name>TDATA</spirit:name>
          </spirit:logicalPort>
          <spirit:physicalPort>
            <spirit:name>dac_data_2_tdata</spirit:name>
            <spirit:vector>
              <spirit:left spirit:format="long">15</spirit:left>
              <spirit:right spirit:format="long">0</spirit:right>
            </spirit:vector>
          </spirit:physicalPort>
        </spirit:portMap>
        <spirit:portMap>
          <spirit:logicalPort>
            <spirit:name>TVALID</spirit:name>
          </spirit:logicalPort>
          <spirit:physicalPort>
            <spirit:name>dac_data_2_tvalid</spirit:name>
          </spirit:physicalPort>
        </spirit:portMap>
      </spirit:portMaps>
      <spirit:parameters>
        <spirit:parameter>
          <spirit:name>TDATA_NUM_BYTES</spirit:name>
          <spirit:value spirit:id="BUSIFPARAM_VALUE.DAC_DATA_2.TDATA_NUM_BYTES">2</spirit:value>
        </spirit:parameter>
        <spirit:parameter>
          <spirit:name>TDEST_WIDTH</spirit:name>
          <spirit:value spirit:id="BUSIFPARAM_VALUE.DAC_DATA_2.TDEST_WIDTH">0</spirit:value>
        </spirit:parameter>
        <spirit:parameter>
          <spirit:name>TID_WIDTH</spirit:name>
          <spirit:value spirit:id="BUSIFPARAM_VALUE.DAC_DATA_2.TID_WIDTH">0</spirit:value>
        </spirit:parameter>
        <spirit:parameter>
          <spirit:name>TUSER_WIDTH</spirit:name>
          <spirit:value spirit:id="BUSIFPARAM_VALUE.DAC_DATA_2.TUSER_WIDTH">0</spirit:value>
        </spirit:parameter>
        <spirit:parameter>
          <spirit:name>HAS_TREADY</spirit:name>
          <spirit:value spirit:id="BUSIFPARAM_VALUE.DAC_DATA_2.HAS_TREADY">0</spirit:value>
        </spirit:parameter>
        <spirit:parameter>
          <spirit:name>HAS_TSTRB</spirit:name>
          <spirit:value spirit:id="BUSIFPARAM_VALUE.DAC_DATA_2.HAS_TSTRB">0</spirit:value>
        </spirit:parameter>
        <spirit:parameter>
          <spirit:name>HAS_TKEEP</spirit:name>
          <spirit:value spirit:id="BUSIFPARAM_VALUE.DAC_DATA_2.HAS_TKEEP">0</spirit:value>
        </spirit:parameter>
        <spirit:parameter>
          <spirit:name>HAS_TLAST</spirit:name>
          <spirit:value spirit:id="BUSIFPARAM_VALUE.DAC_DATA_2.HAS_TLAST">0</spirit:value>
        </spirit:parameter>
        <spirit:parameter>
          <spirit:name>LAYERED_METADATA</spirit:name>
          <spirit:value spirit:id="BUSIFPARAM_VALUE.DAC_DATA_2.LAYERED_METADATA">undef</spirit:value>
        </spirit:parameter>
      </spirit:parameters>
      <spirit:vendorExtensions>
        <xilinx:busInterfaceInfo>
          <xilinx:enablement>
            <xilinx:isEnabled xilinx:resolve="dependent" xilinx:id="BUSIF_ENABLEMENT.dac_data_2" xilinx:dependency="$Ch2_Enabled = true">true</xilinx:isEnabled>
          </xilinx:enablement>
        </xilinx:busInterfaceInfo>
      </spirit:vendorExtensions>
    </spirit:busInterface>
    <spirit:busInterface>
      <spirit:name>RST.RESETN</spirit:name>
      <spirit:busType spirit:vendor="xilinx.com" spirit:library="signal" spirit:name="reset" spirit:version="1.0"/>
      <spirit:abstractionType spirit:vendor="xilinx.com" spirit:library="signal" spirit:name="reset_rtl" spirit:version="1.0"/>
      <spirit:slave/>
      <spirit:portMaps>
        <spirit:portMap>
          <spirit:logicalPort>
            <spirit:name>RST</spirit:name>
          </spirit:logicalPort>
          <spirit:physicalPort>
            <spirit:name>resetn</spirit:name>
          </spirit:physicalPort>
        </spirit:portMap>
      </spirit:portMaps>
      <spirit:parameters>
        <spirit:parameter>
          <spirit:name>POLARITY</spirit:name>
          <spirit:value spirit:id="BUSIFPARAM_VALUE.RST.RESETN.POLARITY">ACTIVE_LOW</spirit:value>
        </spirit:parameter>
      </spirit:parameters>
    </spirit:busInterface>
    <spirit:busInterface>
      <spirit:name>CLK.CLK_125</spirit:name>
      <spirit:busType spirit:vendor="xilinx.com" spirit:library="signal" spirit:name="clock" spirit:version="1.0"/>
      <spirit:abstractionType spirit:vendor="xilinx.com" spirit:library="signal" spirit:name="clock_rtl" spirit:version="1.0"/>
      <spirit:slave/>
      <spirit:portMaps>
        <spirit:portMap>
          <spirit:logicalPort>
            <spirit:name>CLK</spirit:name>
          </spirit:logicalPort>
          <spirit:physicalPort>
            <spirit:name>clk_125</spirit:name>
          </spirit:physicalPort>
        </spirit:portMap>
      </spirit:portMaps>
      <spirit:parameters>
        <spirit:parameter>
          <spirit:name>FREQ_HZ</spirit:name>
          <spirit:value spirit:id="BUSIFPARAM_VALUE.CLK.CLK_125.FREQ_HZ">125000000</spirit:value>
        </spirit:parameter>
        <spirit:parameter>
          <spirit:name>PHASE</spirit:name>
          <spirit:value spirit:id="BUSIFPARAM_VALUE.CLK.CLK_125.PHASE">0.000</spirit:value>
        </spirit:parameter>
        <spirit:parameter>
          <spirit:name>ASSOCIATED_BUSIF</spirit:name>
          <spirit:value spirit:id="BUSIFPARAM_VALUE.CLK.CLK_125.ASSOCIATED_BUSIF">dac_data_1:dac_data_2</spirit:value>
        </spirit:parameter>
        <spirit:parameter>
          <spirit:name>ASSOCIATED_RESET</spirit:name>
          <spirit:value spirit:id="BUSIFPARAM_VALUE.CLK.CLK_125.ASSOCIATED_RESET">resetn</spirit:value>
        </spirit:parameter>
      </spirit:parameters>
    </spirit:busInterface>
    <spirit:busInterface>
      <spirit:name>CLK.CLK_250</spirit:name>
      <spirit:busType spirit:vendor="xilinx.com" spirit:library="signal" spirit:name="clock" spirit:version="1.0"/>
      <spirit:abstractionType spirit:vendor="xilinx.com" spirit:library="signal" spirit:name="clock_rtl" spirit:version="1.0"/>
      <spirit:slave/>
      <spirit:portMaps>
        <spirit:portMap>
          <spirit:logicalPort>
            <spirit:name>CLK</spirit:name>
          </spirit:logicalPort>
          <spirit:physicalPort>
            <spirit:name>clk_250</spirit:name>
          </spirit:physicalPort>
        </spirit:portMap>
      </spirit:portMaps>
      <spirit:parameters>
        <spirit:parameter>
          <spirit:name>FREQ_HZ</spirit:name>
          <spirit:value spirit:id="BUSIFPARAM_VALUE.CLK.CLK_250.FREQ_HZ">250000000</spirit:value>
        </spirit:parameter>
        <spirit:parameter>
          <spirit:name>PHASE</spirit:name>
          <spirit:value spirit:id="BUSIFPARAM_VALUE.CLK.CLK_250.PHASE">0.000</spirit:value>
        </spirit:parameter>
      </spirit:parameters>
    </spirit:busInterface>
    <spirit:busInterface>
      <spirit:name>CLK.CLK_250_M45</spirit:name>
      <spirit:busType spirit:vendor="xilinx.com" spirit:library="signal" spirit:name="clock" spirit:version="1.0"/>
      <spirit:abstractionType spirit:vendor="xilinx.com" spirit:library="signal" spirit:name="clock_rtl" spirit:version="1.0"/>
      <spirit:slave/>
      <spirit:portMaps>
        <spirit:portMap>
          <spirit:logicalPort>
            <spirit:name>CLK</spirit:name>
          </spirit:logicalPort>
          <spirit:physicalPort>
            <spirit:name>clk_250_m45</spirit:name>
          </spirit:physicalPort>
        </spirit:portMap>
      </spirit:portMaps>
      <spirit:parameters>
        <spirit:parameter>
          <spirit:name>FREQ_HZ</spirit:name>
          <spirit:value spirit:id="BUSIFPARAM_VALUE.CLK.CLK_250_M45.FREQ_HZ">250000000</spirit:value>
        </spirit:parameter>
        <spirit:parameter>
          <spirit:name>PHASE</spirit:name>
          <spirit:value spirit:id="BUSIFPARAM_VALUE.CLK.CLK_250_M45.PHASE">-45</spirit:value>
        </spirit:parameter>
      </spirit:parameters>
    </spirit:busInterface>
  </spirit:busInterfaces>
  <spirit:model>
    <spirit:views>
      <spirit:view>
        <spirit:name>xilinx_anylanguagesynthesis</spirit:name>
        <spirit:displayName>Synthesis</spirit:displayName>
        <spirit:envIdentifier>:vivado.xilinx.com:synthesis</spirit:envIdentifier>
        <spirit:language>VHDL</spirit:language>
        <spirit:modelName>dac_bd</spirit:modelName>
        <spirit:fileSetRef>
          <spirit:localName>xilinx_anylanguagesynthesis_view_fileset</spirit:localName>
        </spirit:fileSetRef>
        <spirit:parameters>
          <spirit:parameter>
            <spirit:name>viewChecksum</spirit:name>
            <spirit:value>cd05ec00</spirit:value>
          </spirit:parameter>
        </spirit:parameters>
      </spirit:view>
      <spirit:view>
        <spirit:name>xilinx_anylanguagebehavioralsimulation</spirit:name>
        <spirit:displayName>Simulation</spirit:displayName>
        <spirit:envIdentifier>:vivado.xilinx.com:simulation</spirit:envIdentifier>
        <spirit:language>VHDL</spirit:language>
        <spirit:modelName>dac_bd</spirit:modelName>
        <spirit:fileSetRef>
          <spirit:localName>xilinx_anylanguagebehavioralsimulation_view_fileset</spirit:localName>
        </spirit:fileSetRef>
        <spirit:parameters>
          <spirit:parameter>
            <spirit:name>viewChecksum</spirit:name>
            <spirit:value>791bb67c</spirit:value>
          </spirit:parameter>
        </spirit:parameters>
      </spirit:view>
      <spirit:view>
        <spirit:name>xilinx_xpgui</spirit:name>
        <spirit:displayName>UI Layout</spirit:displayName>
        <spirit:envIdentifier>:vivado.xilinx.com:xgui.ui</spirit:envIdentifier>
        <spirit:fileSetRef>
          <spirit:localName>xilinx_xpgui_view_fileset</spirit:localName>
        </spirit:fileSetRef>
        <spirit:parameters>
          <spirit:parameter>
            <spirit:name>viewChecksum</spirit:name>
            <spirit:value>c06896db</spirit:value>
          </spirit:parameter>
        </spirit:parameters>
      </spirit:view>
    </spirit:views>
    <spirit:ports>
      <spirit:port>
        <spirit:name>clk_125</spirit:name>
        <spirit:wire>
          <spirit:direction>in</spirit:direction>
          <spirit:wireTypeDefs>
            <spirit:wireTypeDef>
              <spirit:typeName>STD_LOGIC</spirit:typeName>
              <spirit:viewNameRef>xilinx_anylanguagesynthesis</spirit:viewNameRef>
              <spirit:viewNameRef>xilinx_anylanguagebehavioralsimulation</spirit:viewNameRef>
            </spirit:wireTypeDef>
          </spirit:wireTypeDefs>
        </spirit:wire>
      </spirit:port>
      <spirit:port>
        <spirit:name>clk_250</spirit:name>
        <spirit:wire>
          <spirit:direction>in</spirit:direction>
          <spirit:wireTypeDefs>
            <spirit:wireTypeDef>
              <spirit:typeName>STD_LOGIC</spirit:typeName>
              <spirit:viewNameRef>xilinx_anylanguagesynthesis</spirit:viewNameRef>
              <spirit:viewNameRef>xilinx_anylanguagebehavioralsimulation</spirit:viewNameRef>
            </spirit:wireTypeDef>
          </spirit:wireTypeDefs>
        </spirit:wire>
      </spirit:port>
      <spirit:port>
        <spirit:name>clk_250_m45</spirit:name>
        <spirit:wire>
          <spirit:direction>in</spirit:direction>
          <spirit:wireTypeDefs>
            <spirit:wireTypeDef>
              <spirit:typeName>STD_LOGIC</spirit:typeName>
              <spirit:viewNameRef>xilinx_anylanguagesynthesis</spirit:viewNameRef>
              <spirit:viewNameRef>xilinx_anylanguagebehavioralsimulation</spirit:viewNameRef>
            </spirit:wireTypeDef>
          </spirit:wireTypeDefs>
        </spirit:wire>
      </spirit:port>
      <spirit:port>
        <spirit:name>dac_clk_o</spirit:name>
        <spirit:wire>
          <spirit:direction>out</spirit:direction>
          <spirit:wireTypeDefs>
            <spirit:wireTypeDef>
              <spirit:typeName>STD_LOGIC</spirit:typeName>
              <spirit:viewNameRef>xilinx_anylanguagesynthesis</spirit:viewNameRef>
              <spirit:viewNameRef>xilinx_anylanguagebehavioralsimulation</spirit:viewNameRef>
            </spirit:wireTypeDef>
          </spirit:wireTypeDefs>
        </spirit:wire>
      </spirit:port>
      <spirit:port>
        <spirit:name>dac_data_1_tdata</spirit:name>
        <spirit:wire>
          <spirit:direction>in</spirit:direction>
          <spirit:vector>
            <spirit:left spirit:format="long">15</spirit:left>
            <spirit:right spirit:format="long">0</spirit:right>
          </spirit:vector>
          <spirit:wireTypeDefs>
            <spirit:wireTypeDef>
              <spirit:typeName>STD_LOGIC_VECTOR</spirit:typeName>
              <spirit:viewNameRef>xilinx_anylanguagesynthesis</spirit:viewNameRef>
              <spirit:viewNameRef>xilinx_anylanguagebehavioralsimulation</spirit:viewNameRef>
            </spirit:wireTypeDef>
          </spirit:wireTypeDefs>
        </spirit:wire>
      </spirit:port>
      <spirit:port>
        <spirit:name>dac_data_1_tvalid</spirit:name>
        <spirit:wire>
          <spirit:direction>in</spirit:direction>
          <spirit:wireTypeDefs>
            <spirit:wireTypeDef>
              <spirit:typeName>STD_LOGIC</spirit:typeName>
              <spirit:viewNameRef>xilinx_anylanguagesynthesis</spirit:viewNameRef>
              <spirit:viewNameRef>xilinx_anylanguagebehavioralsimulation</spirit:viewNameRef>
            </spirit:wireTypeDef>
          </spirit:wireTypeDefs>
        </spirit:wire>
      </spirit:port>
      <spirit:port>
        <spirit:name>dac_data_2_tdata</spirit:name>
        <spirit:wire>
          <spirit:direction>in</spirit:direction>
          <spirit:vector>
            <spirit:left spirit:format="long">15</spirit:left>
            <spirit:right spirit:format="long">0</spirit:right>
          </spirit:vector>
          <spirit:wireTypeDefs>
            <spirit:wireTypeDef>
              <spirit:typeName>STD_LOGIC_VECTOR</spirit:typeName>
              <spirit:viewNameRef>xilinx_anylanguagesynthesis</spirit:viewNameRef>
              <spirit:viewNameRef>xilinx_anylanguagebehavioralsimulation</spirit:viewNameRef>
            </spirit:wireTypeDef>
          </spirit:wireTypeDefs>
        </spirit:wire>
      </spirit:port>
      <spirit:port>
        <spirit:name>dac_data_2_tvalid</spirit:name>
        <spirit:wire>
          <spirit:direction>in</spirit:direction>
          <spirit:wireTypeDefs>
            <spirit:wireTypeDef>
              <spirit:typeName>STD_LOGIC</spirit:typeName>
              <spirit:viewNameRef>xilinx_anylanguagesynthesis</spirit:viewNameRef>
              <spirit:viewNameRef>xilinx_anylanguagebehavioralsimulation</spirit:viewNameRef>
            </spirit:wireTypeDef>
          </spirit:wireTypeDefs>
        </spirit:wire>
      </spirit:port>
      <spirit:port>
        <spirit:name>dac_data_o</spirit:name>
        <spirit:wire>
          <spirit:direction>out</spirit:direction>
          <spirit:vector>
            <spirit:left spirit:format="long">13</spirit:left>
            <spirit:right spirit:format="long">0</spirit:right>
          </spirit:vector>
          <spirit:wireTypeDefs>
            <spirit:wireTypeDef>
              <spirit:typeName>STD_LOGIC_VECTOR</spirit:typeName>
              <spirit:viewNameRef>xilinx_anylanguagesynthesis</spirit:viewNameRef>
              <spirit:viewNameRef>xilinx_anylanguagebehavioralsimulation</spirit:viewNameRef>
            </spirit:wireTypeDef>
          </spirit:wireTypeDefs>
        </spirit:wire>
      </spirit:port>
      <spirit:port>
        <spirit:name>dac_rst_o</spirit:name>
        <spirit:wire>
          <spirit:direction>out</spirit:direction>
          <spirit:wireTypeDefs>
            <spirit:wireTypeDef>
              <spirit:typeName>STD_LOGIC</spirit:typeName>
              <spirit:viewNameRef>xilinx_anylanguagesynthesis</spirit:viewNameRef>
              <spirit:viewNameRef>xilinx_anylanguagebehavioralsimulation</spirit:viewNameRef>
            </spirit:wireTypeDef>
          </spirit:wireTypeDefs>
        </spirit:wire>
      </spirit:port>
      <spirit:port>
        <spirit:name>dac_sel_o</spirit:name>
        <spirit:wire>
          <spirit:direction>out</spirit:direction>
          <spirit:wireTypeDefs>
            <spirit:wireTypeDef>
              <spirit:typeName>STD_LOGIC</spirit:typeName>
              <spirit:viewNameRef>xilinx_anylanguagesynthesis</spirit:viewNameRef>
              <spirit:viewNameRef>xilinx_anylanguagebehavioralsimulation</spirit:viewNameRef>
            </spirit:wireTypeDef>
          </spirit:wireTypeDefs>
        </spirit:wire>
      </spirit:port>
      <spirit:port>
        <spirit:name>dac_wrt_o</spirit:name>
        <spirit:wire>
          <spirit:direction>out</spirit:direction>
          <spirit:wireTypeDefs>
            <spirit:wireTypeDef>
              <spirit:typeName>STD_LOGIC</spirit:typeName>
              <spirit:viewNameRef>xilinx_anylanguagesynthesis</spirit:viewNameRef>
              <spirit:viewNameRef>xilinx_anylanguagebehavioralsimulation</spirit:viewNameRef>
            </spirit:wireTypeDef>
          </spirit:wireTypeDefs>
        </spirit:wire>
      </spirit:port>
      <spirit:port>
        <spirit:name>resetn</spirit:name>
        <spirit:wire>
          <spirit:direction>in</spirit:direction>
          <spirit:wireTypeDefs>
            <spirit:wireTypeDef>
              <spirit:typeName>STD_LOGIC</spirit:typeName>
              <spirit:viewNameRef>xilinx_anylanguagesynthesis</spirit:viewNameRef>
              <spirit:viewNameRef>xilinx_anylanguagebehavioralsimulation</spirit:viewNameRef>
            </spirit:wireTypeDef>
          </spirit:wireTypeDefs>
        </spirit:wire>
      </spirit:port>
    </spirit:ports>
  </spirit:model>
  <spirit:fileSets>
    <spirit:fileSet>
      <spirit:name>xilinx_anylanguagesynthesis_view_fileset</spirit:name>
      <spirit:file>
        <spirit:name>src/dac_bd_DAC_0_0.vhd</spirit:name>
        <spirit:fileType>vhdlSource</spirit:fileType>
        <spirit:userFileType>IMPORTED_FILE</spirit:userFileType>
      </spirit:file>
      <spirit:file>
        <spirit:name>src/DAC.vhd</spirit:name>
        <spirit:fileType>vhdlSource</spirit:fileType>
        <spirit:userFileType>IMPORTED_FILE</spirit:userFileType>
      </spirit:file>
      <spirit:file>
        <spirit:name>src/dac_bd_ooc.xdc</spirit:name>
        <spirit:userFileType>xdc</spirit:userFileType>
        <spirit:userFileType>IMPORTED_FILE</spirit:userFileType>
        <spirit:userFileType>SCOPED_TO_REF_dac_bd</spirit:userFileType>
        <spirit:userFileType>USED_IN_out_of_context</spirit:userFileType>
      </spirit:file>
      <spirit:file>
        <spirit:name>src/dac_bd.vhd</spirit:name>
        <spirit:fileType>vhdlSource</spirit:fileType>
        <spirit:userFileType>CHECKSUM_45b7071f</spirit:userFileType>
        <spirit:userFileType>IMPORTED_FILE</spirit:userFileType>
      </spirit:file>
    </spirit:fileSet>
    <spirit:fileSet>
      <spirit:name>xilinx_anylanguagebehavioralsimulation_view_fileset</spirit:name>
      <spirit:file>
        <spirit:name>sim/dac_bd_DAC_0_0.vhd</spirit:name>
        <spirit:fileType>vhdlSource</spirit:fileType>
        <spirit:userFileType>IMPORTED_FILE</spirit:userFileType>
      </spirit:file>
      <spirit:file>
        <spirit:name>src/DAC.vhd</spirit:name>
        <spirit:fileType>vhdlSource</spirit:fileType>
        <spirit:userFileType>IMPORTED_FILE</spirit:userFileType>
      </spirit:file>
      <spirit:file>
        <spirit:name>sim/dac_bd.vhd</spirit:name>
        <spirit:fileType>vhdlSource</spirit:fileType>
        <spirit:userFileType>IMPORTED_FILE</spirit:userFileType>
      </spirit:file>
    </spirit:fileSet>
    <spirit:fileSet>
      <spirit:name>xilinx_xpgui_view_fileset</spirit:name>
      <spirit:file>
        <spirit:name>xgui/dac_v1_0.tcl</spirit:name>
        <spirit:fileType>tclSource</spirit:fileType>
        <spirit:userFileType>CHECKSUM_c06896db</spirit:userFileType>
        <spirit:userFileType>XGUI_VERSION_2</spirit:userFileType>
      </spirit:file>
    </spirit:fileSet>
  </spirit:fileSets>
  <spirit:description>Digital-to-analog converter management for Redpitaya-125-14</spirit:description>
  <spirit:parameters>
    <spirit:parameter>
      <spirit:name>Component_Name</spirit:name>
      <spirit:value spirit:resolve="user" spirit:id="PARAM_VALUE.Component_Name" spirit:order="1">dac_bd_v1_0</spirit:value>
    </spirit:parameter>
    <spirit:parameter>
      <spirit:name>Ch1_Enabled</spirit:name>
      <spirit:value spirit:format="bool" spirit:resolve="user" spirit:id="PARAM_VALUE.Ch1_Enabled">true</spirit:value>
    </spirit:parameter>
    <spirit:parameter>
      <spirit:name>Ch2_Enabled</spirit:name>
      <spirit:value spirit:format="bool" spirit:resolve="user" spirit:id="PARAM_VALUE.Ch2_Enabled">true</spirit:value>
    </spirit:parameter>
  </spirit:parameters>
  <spirit:vendorExtensions>
    <xilinx:coreExtensions>
      <xilinx:supportedFamilies>
        <xilinx:family xilinx:lifeCycle="Production">zynq</xilinx:family>
      </xilinx:supportedFamilies>
      <xilinx:taxonomies>
        <xilinx:taxonomy>/FPGA-Notes-for-Scientists</xilinx:taxonomy>
      </xilinx:taxonomies>
      <xilinx:displayName>Redpitaya-125-14-dac</xilinx:displayName>
      <xilinx:definitionSource>IPI</xilinx:definitionSource>
      <xilinx:coreRevision>6</xilinx:coreRevision>
      <xilinx:coreCreationDateTime>2021-10-12T10:28:26Z</xilinx:coreCreationDateTime>
      <xilinx:tags>
        <xilinx:tag xilinx:name="ui.data.coregen.dd@267050f4_ARCHIVE_LOCATION">c:/Users/Pau/Documents/ip/Redpitaya-125-14-dac</xilinx:tag>
        <xilinx:tag xilinx:name="ui.data.coregen.dd@60af67fb_ARCHIVE_LOCATION">c:/Users/Pau/Documents/ip/Redpitaya-125-14-dac</xilinx:tag>
        <xilinx:tag xilinx:name="ui.data.coregen.dd@68f21fff_ARCHIVE_LOCATION">c:/Users/Pau/Documents/ip/Redpitaya-125-14-dac</xilinx:tag>
        <xilinx:tag xilinx:name="ui.data.coregen.dd@7c991814_ARCHIVE_LOCATION">c:/Users/Pau/Documents/ip/Redpitaya-125-14-dac</xilinx:tag>
        <xilinx:tag xilinx:name="ui.data.coregen.dd@62b43fe5_ARCHIVE_LOCATION">c:/Users/Pau/Documents/ip/Redpitaya-125-14-dac</xilinx:tag>
        <xilinx:tag xilinx:name="ui.data.coregen.dd@77487085_ARCHIVE_LOCATION">c:/Users/Pau/Documents/ip/Redpitaya-125-14-dac</xilinx:tag>
        <xilinx:tag xilinx:name="ui.data.coregen.dd@5b421fbc_ARCHIVE_LOCATION">c:/Users/Pau/Documents/ip/Redpitaya-125-14-dac</xilinx:tag>
        <xilinx:tag xilinx:name="ui.data.coregen.dd@74d10029_ARCHIVE_LOCATION">c:/Users/Pau/Documents/ip/Redpitaya-125-14-dac</xilinx:tag>
        <xilinx:tag xilinx:name="ui.data.coregen.dd@e948b99_ARCHIVE_LOCATION">c:/Users/Pau/Documents/ip/Redpitaya-125-14-dac</xilinx:tag>
        <xilinx:tag xilinx:name="ui.data.coregen.dd@c31e9c6_ARCHIVE_LOCATION">c:/Users/Pau/Documents/ip/Redpitaya-125-14-dac</xilinx:tag>
        <xilinx:tag xilinx:name="ui.data.coregen.dd@344544e9_ARCHIVE_LOCATION">c:/Users/Pau/Documents/ip/Redpitaya-125-14-dac</xilinx:tag>
        <xilinx:tag xilinx:name="ui.data.coregen.dd@33964e35_ARCHIVE_LOCATION">c:/Users/Pau/Documents/ip/Redpitaya-125-14-dac</xilinx:tag>
        <xilinx:tag xilinx:name="ui.data.coregen.dd@7c5e0472_ARCHIVE_LOCATION">c:/Users/Pau/Documents/ip/Redpitaya-125-14-dac</xilinx:tag>
        <xilinx:tag xilinx:name="ui.data.coregen.dd@67abbb09_ARCHIVE_LOCATION">c:/Users/Pau/Documents/ip/Redpitaya-125-14-dac</xilinx:tag>
        <xilinx:tag xilinx:name="ui.data.coregen.dd@767f26bb_ARCHIVE_LOCATION">c:/Users/Pau/Documents/ip/Redpitaya-125-14-dac</xilinx:tag>
        <xilinx:tag xilinx:name="ui.data.coregen.dd@5d988a38_ARCHIVE_LOCATION">c:/Users/Pau/Documents/ip/Redpitaya-125-14-dac</xilinx:tag>
        <xilinx:tag xilinx:name="ui.data.coregen.dd@2bd3cf8a_ARCHIVE_LOCATION">c:/Users/Pau/Documents/ip/Redpitaya-125-14-dac</xilinx:tag>
        <xilinx:tag xilinx:name="ui.data.coregen.dd@54dcfb01_ARCHIVE_LOCATION">c:/Users/Pau/Documents/ip/Redpitaya-125-14-dac</xilinx:tag>
        <xilinx:tag xilinx:name="ui.data.coregen.dd@4b0176d8_ARCHIVE_LOCATION">c:/Users/Pau/Documents/ip/Redpitaya-125-14-dac</xilinx:tag>
        <xilinx:tag xilinx:name="ui.data.coregen.dd@1e59b4fd_ARCHIVE_LOCATION">c:/Users/Pau/Documents/ip/Redpitaya-125-14-dac</xilinx:tag>
        <xilinx:tag xilinx:name="ui.data.coregen.dd@e84e163_ARCHIVE_LOCATION">c:/Users/Pau/Documents/ip/Redpitaya-125-14-dac</xilinx:tag>
        <xilinx:tag xilinx:name="ui.data.coregen.dd@7ef295ad_ARCHIVE_LOCATION">c:/Users/Pau/Documents/ip/Redpitaya-125-14-dac</xilinx:tag>
        <xilinx:tag xilinx:name="ui.data.coregen.dd@7bae2e9_ARCHIVE_LOCATION">c:/Users/paugo/Documents/Pau/FPGA-Notes-for-Scientists/ip/Redpitaya-125-14-dac</xilinx:tag>
        <xilinx:tag xilinx:name="ui.data.coregen.dd@1363704c_ARCHIVE_LOCATION">c:/Users/paugo/Documents/Pau/FPGA-Notes-for-Scientists/ip/Redpitaya-125-14-dac</xilinx:tag>
        <xilinx:tag xilinx:name="ui.data.coregen.dd@5575e16c_ARCHIVE_LOCATION">c:/Users/paugo/Documents/Pau/FPGA-Notes-for-Scientists/ip/Redpitaya-125-14-dac</xilinx:tag>
        <xilinx:tag xilinx:name="ui.data.coregen.dd@63880a4e_ARCHIVE_LOCATION">c:/Users/paugo/Documents/Pau/FPGA-Notes-for-Scientists/ip/Redpitaya-125-14-dac</xilinx:tag>
        <xilinx:tag xilinx:name="ui.data.coregen.dd@6b49f253_ARCHIVE_LOCATION">c:/Users/paugo/Documents/Pau/FPGA-Notes-for-Scientists/ip/Redpitaya-125-14-dac</xilinx:tag>
        <xilinx:tag xilinx:name="ui.data.coregen.dd@57d1d5a_ARCHIVE_LOCATION">c:/Users/paugo/Documents/Pau/FPGA-Notes-for-Scientists/ip/Redpitaya-125-14-dac</xilinx:tag>
        <xilinx:tag xilinx:name="ui.data.coregen.dd@68fa04c5_ARCHIVE_LOCATION">c:/Users/paugo/Documents/Pau/FPGA-Notes-for-Scientists/ip/Redpitaya-125-14-dac</xilinx:tag>
        <xilinx:tag xilinx:name="ui.data.coregen.dd@54b8d25e_ARCHIVE_LOCATION">c:/Users/paugo/Documents/Pau/FPGA-Notes-for-Scientists/ip/Redpitaya-125-14-dac</xilinx:tag>
        <xilinx:tag xilinx:name="ui.data.coregen.dd@52ff6fb3_ARCHIVE_LOCATION">c:/Users/paugo/Documents/Pau/FPGA-Notes-for-Scientists/ip/Redpitaya-125-14-dac</xilinx:tag>
        <xilinx:tag xilinx:name="ui.data.coregen.dd@6699783b_ARCHIVE_LOCATION">c:/Users/paugo/Documents/Pau/FPGA-Notes-for-Scientists/ip/Redpitaya-125-14-dac</xilinx:tag>
        <xilinx:tag xilinx:name="ui.data.coregen.dd@46a0c50_ARCHIVE_LOCATION">c:/Users/paugo/Documents/Pau/FPGA-Notes-for-Scientists/ip/Redpitaya-125-14-dac</xilinx:tag>
        <xilinx:tag xilinx:name="ui.data.coregen.dd@5991fcd4_ARCHIVE_LOCATION">c:/Users/paugo/Documents/Pau/FPGA-Notes-for-Scientists/ip/Redpitaya-125-14-dac</xilinx:tag>
        <xilinx:tag xilinx:name="ui.data.coregen.dd@78fbdbdf_ARCHIVE_LOCATION">c:/Users/paugo/Documents/Pau/FPGA-Notes-for-Scientists/ip/Redpitaya-125-14-dac</xilinx:tag>
        <xilinx:tag xilinx:name="ui.data.coregen.dd@6886a51f_ARCHIVE_LOCATION">c:/Users/paugo/Documents/Pau/FPGA-Notes-for-Scientists/ip/Redpitaya-125-14-dac</xilinx:tag>
        <xilinx:tag xilinx:name="ui.data.coregen.dd@4e24fe67_ARCHIVE_LOCATION">c:/Users/paugo/Documents/Pau/FPGA-Notes-for-Scientists/ip/Redpitaya-125-14-dac</xilinx:tag>
        <xilinx:tag xilinx:name="ui.data.coregen.dd@bc0a94b_ARCHIVE_LOCATION">c:/Users/paugo/Documents/Pau/FPGA-Notes-for-Scientists/ip/Redpitaya-125-14-dac</xilinx:tag>
        <xilinx:tag xilinx:name="ui.data.coregen.dd@7ac4f25_ARCHIVE_LOCATION">c:/Users/paugo/Documents/Pau/FPGA-Notes-for-Scientists/ip/Redpitaya-125-14-dac</xilinx:tag>
        <xilinx:tag xilinx:name="ui.data.coregen.dd@2d0eba56_ARCHIVE_LOCATION">c:/Users/paugo/Documents/Pau/FPGA-Notes-for-Scientists/ip/Redpitaya-125-14-dac</xilinx:tag>
        <xilinx:tag xilinx:name="ui.data.coregen.dd@35f19fe3_ARCHIVE_LOCATION">c:/Users/paugo/Documents/Pau/FPGA-Notes-for-Scientists/ip/Redpitaya-125-14-dac</xilinx:tag>
        <xilinx:tag xilinx:name="ui.data.coregen.dd@203573b7_ARCHIVE_LOCATION">c:/Users/paugo/Documents/Pau/FPGA-Notes-for-Scientists/ip/Redpitaya-125-14-dac</xilinx:tag>
        <xilinx:tag xilinx:name="ui.data.coregen.dd@20aad0ef_ARCHIVE_LOCATION">c:/Users/paugo/Documents/Pau/FPGA-Notes-for-Scientists/ip/Redpitaya-125-14-dac</xilinx:tag>
        <xilinx:tag xilinx:name="ui.data.coregen.dd@532b6434_ARCHIVE_LOCATION">c:/Users/paugo/Documents/Pau/FPGA-Notes-for-Scientists/ip/Redpitaya-125-14-dac</xilinx:tag>
        <xilinx:tag xilinx:name="ui.data.coregen.dd@1cbca513_ARCHIVE_LOCATION">c:/Users/paugo/Documents/Pau/FPGA-Notes-for-Scientists/ip/Redpitaya-125-14-dac</xilinx:tag>
        <xilinx:tag xilinx:name="ui.data.coregen.dd@689496cf_ARCHIVE_LOCATION">c:/Users/paugo/Documents/Pau/FPGA-Notes-for-Scientists/ip/Redpitaya-125-14-dac</xilinx:tag>
        <xilinx:tag xilinx:name="ui.data.coregen.dd@7825a79b_ARCHIVE_LOCATION">c:/Users/paugo/Documents/Pau/FPGA-Notes-for-Scientists/ip/Redpitaya-125-14-dac</xilinx:tag>
        <xilinx:tag xilinx:name="ui.data.coregen.dd@185aef99_ARCHIVE_LOCATION">c:/Users/paugo/Documents/Pau/FPGA-Notes-for-Scientists/ip/Redpitaya-125-14-dac</xilinx:tag>
        <xilinx:tag xilinx:name="ui.data.coregen.dd@4abce47f_ARCHIVE_LOCATION">c:/Users/paugo/Documents/Pau/FPGA-Notes-for-Scientists/ip/Redpitaya-125-14-dac</xilinx:tag>
        <xilinx:tag xilinx:name="ui.data.coregen.dd@7c67f043_ARCHIVE_LOCATION">c:/Users/paugo/Documents/Pau/FPGA-Notes-for-Scientists/ip/Redpitaya-125-14-dac</xilinx:tag>
        <xilinx:tag xilinx:name="ui.data.coregen.dd@324b52b0_ARCHIVE_LOCATION">c:/Users/paugo/Documents/Pau/FPGA-Notes-for-Scientists/ip/Redpitaya-125-14-dac</xilinx:tag>
        <xilinx:tag xilinx:name="ui.data.coregen.dd@67226647_ARCHIVE_LOCATION">c:/Users/paugo/Documents/Pau/FPGA-Notes-for-Scientists/ip/Redpitaya-125-14-dac</xilinx:tag>
        <xilinx:tag xilinx:name="ui.data.coregen.dd@1ea81727_ARCHIVE_LOCATION">c:/Users/paugo/Documents/Pau/FPGA-Notes-for-Scientists/ip/Redpitaya-125-14-dac</xilinx:tag>
        <xilinx:tag xilinx:name="ui.data.coregen.dd@461e8ad9_ARCHIVE_LOCATION">c:/Users/paugo/Documents/Pau/FPGA-Notes-for-Scientists/ip/Redpitaya-125-14-dac</xilinx:tag>
        <xilinx:tag xilinx:name="ui.data.coregen.dd@e5fb27b_ARCHIVE_LOCATION">c:/Users/paugo/Documents/Pau/FPGA-Notes-for-Scientists/ip/Redpitaya-125-14-dac</xilinx:tag>
        <xilinx:tag xilinx:name="ui.data.coregen.dd@78745ca4_ARCHIVE_LOCATION">c:/Users/paugo/Documents/Pau/FPGA-Notes-for-Scientists/ip/Redpitaya-125-14-dac</xilinx:tag>
      </xilinx:tags>
      <xilinx:configElementInfos>
        <xilinx:configElementInfo xilinx:referenceId="BUSIFPARAM_VALUE.CLK.CLK_125.FREQ_HZ" xilinx:valueSource="user"/>
        <xilinx:configElementInfo xilinx:referenceId="BUSIFPARAM_VALUE.CLK.CLK_250.FREQ_HZ" xilinx:valueSource="user"/>
        <xilinx:configElementInfo xilinx:referenceId="BUSIFPARAM_VALUE.CLK.CLK_250_M45.FREQ_HZ" xilinx:valueSource="user"/>
        <xilinx:configElementInfo xilinx:referenceId="BUSIFPARAM_VALUE.CLK.CLK_250_M45.PHASE" xilinx:valueSource="user"/>
        <xilinx:configElementInfo xilinx:referenceId="BUSIFPARAM_VALUE.DAC_DATA_1.HAS_TKEEP" xilinx:valueSource="user"/>
        <xilinx:configElementInfo xilinx:referenceId="BUSIFPARAM_VALUE.DAC_DATA_1.HAS_TLAST" xilinx:valueSource="user"/>
        <xilinx:configElementInfo xilinx:referenceId="BUSIFPARAM_VALUE.DAC_DATA_1.HAS_TREADY" xilinx:valueSource="user"/>
        <xilinx:configElementInfo xilinx:referenceId="BUSIFPARAM_VALUE.DAC_DATA_1.HAS_TSTRB" xilinx:valueSource="user"/>
        <xilinx:configElementInfo xilinx:referenceId="BUSIFPARAM_VALUE.DAC_DATA_1.LAYERED_METADATA" xilinx:valueSource="user"/>
        <xilinx:configElementInfo xilinx:referenceId="BUSIFPARAM_VALUE.DAC_DATA_1.TDATA_NUM_BYTES" xilinx:valueSource="user"/>
        <xilinx:configElementInfo xilinx:referenceId="BUSIFPARAM_VALUE.DAC_DATA_1.TDEST_WIDTH" xilinx:valueSource="user"/>
        <xilinx:configElementInfo xilinx:referenceId="BUSIFPARAM_VALUE.DAC_DATA_1.TID_WIDTH" xilinx:valueSource="user"/>
        <xilinx:configElementInfo xilinx:referenceId="BUSIFPARAM_VALUE.DAC_DATA_1.TUSER_WIDTH" xilinx:valueSource="user"/>
        <xilinx:configElementInfo xilinx:referenceId="BUSIFPARAM_VALUE.DAC_DATA_2.HAS_TKEEP" xilinx:valueSource="user"/>
        <xilinx:configElementInfo xilinx:referenceId="BUSIFPARAM_VALUE.DAC_DATA_2.HAS_TLAST" xilinx:valueSource="user"/>
        <xilinx:configElementInfo xilinx:referenceId="BUSIFPARAM_VALUE.DAC_DATA_2.HAS_TREADY" xilinx:valueSource="user"/>
        <xilinx:configElementInfo xilinx:referenceId="BUSIFPARAM_VALUE.DAC_DATA_2.HAS_TSTRB" xilinx:valueSource="user"/>
        <xilinx:configElementInfo xilinx:referenceId="BUSIFPARAM_VALUE.DAC_DATA_2.LAYERED_METADATA" xilinx:valueSource="user"/>
        <xilinx:configElementInfo xilinx:referenceId="BUSIFPARAM_VALUE.DAC_DATA_2.TDATA_NUM_BYTES" xilinx:valueSource="user"/>
        <xilinx:configElementInfo xilinx:referenceId="BUSIFPARAM_VALUE.DAC_DATA_2.TDEST_WIDTH" xilinx:valueSource="user"/>
        <xilinx:configElementInfo xilinx:referenceId="BUSIFPARAM_VALUE.DAC_DATA_2.TID_WIDTH" xilinx:valueSource="user"/>
        <xilinx:configElementInfo xilinx:referenceId="BUSIFPARAM_VALUE.DAC_DATA_2.TUSER_WIDTH" xilinx:valueSource="user"/>
      </xilinx:configElementInfos>
    </xilinx:coreExtensions>
    <xilinx:packagingInfo>
      <xilinx:xilinxVersion>2020.2</xilinx:xilinxVersion>
      <xilinx:checksum xilinx:scope="busInterfaces" xilinx:value="4f46764d"/>
      <xilinx:checksum xilinx:scope="fileGroups" xilinx:value="e297c3ce"/>
      <xilinx:checksum xilinx:scope="ports" xilinx:value="a764f50f"/>
      <xilinx:checksum xilinx:scope="parameters" xilinx:value="01282cfc"/>
    </xilinx:packagingInfo>
  </spirit:vendorExtensions>
</spirit:component>
