<?xml version="1.0" encoding="UTF-8"?>
<spirit:component xmlns:xilinx="http://www.xilinx.com" xmlns:spirit="http://www.spiritconsortium.org/XMLSchema/SPIRIT/1685-2009" xmlns:xsi="http://www.w3.org/2001/XMLSchema-instance">
  <spirit:vendor>cemes.fr</spirit:vendor>
  <spirit:library>user</spirit:library>
  <spirit:name>Signal_Generate</spirit:name>
  <spirit:version>1.0</spirit:version>
  <spirit:busInterfaces>
    <spirit:busInterface>
      <spirit:name>clk</spirit:name>
      <spirit:busType spirit:vendor="xilinx.com" spirit:library="signal" spirit:name="clock" spirit:version="1.0"/>
      <spirit:abstractionType spirit:vendor="xilinx.com" spirit:library="signal" spirit:name="clock_rtl" spirit:version="1.0"/>
      <spirit:slave/>
      <spirit:portMaps>
        <spirit:portMap>
          <spirit:logicalPort>
            <spirit:name>CLK</spirit:name>
          </spirit:logicalPort>
          <spirit:physicalPort>
            <spirit:name>clk</spirit:name>
          </spirit:physicalPort>
        </spirit:portMap>
      </spirit:portMaps>
    </spirit:busInterface>
  </spirit:busInterfaces>
  <spirit:model>
    <spirit:views>
      <spirit:view>
        <spirit:name>xilinx_anylanguagesynthesis</spirit:name>
        <spirit:displayName>Synthesis</spirit:displayName>
        <spirit:envIdentifier>:vivado.xilinx.com:synthesis</spirit:envIdentifier>
        <spirit:language>VHDL</spirit:language>
        <spirit:modelName>Signal_Generate</spirit:modelName>
        <spirit:fileSetRef>
          <spirit:localName>xilinx_anylanguagesynthesis_view_fileset</spirit:localName>
        </spirit:fileSetRef>
        <spirit:parameters>
          <spirit:parameter>
            <spirit:name>viewChecksum</spirit:name>
            <spirit:value>63656c8e</spirit:value>
          </spirit:parameter>
        </spirit:parameters>
      </spirit:view>
      <spirit:view>
        <spirit:name>xilinx_xpgui</spirit:name>
        <spirit:displayName>UI Layout</spirit:displayName>
        <spirit:envIdentifier>:vivado.xilinx.com:xgui.ui</spirit:envIdentifier>
        <spirit:fileSetRef>
          <spirit:localName>xilinx_xpgui_view_fileset</spirit:localName>
        </spirit:fileSetRef>
        <spirit:parameters>
          <spirit:parameter>
            <spirit:name>viewChecksum</spirit:name>
            <spirit:value>f64a5dae</spirit:value>
          </spirit:parameter>
        </spirit:parameters>
      </spirit:view>
    </spirit:views>
    <spirit:ports>
      <spirit:port>
        <spirit:name>clk</spirit:name>
        <spirit:wire>
          <spirit:direction>in</spirit:direction>
          <spirit:wireTypeDefs>
            <spirit:wireTypeDef>
              <spirit:typeName>std_logic</spirit:typeName>
              <spirit:viewNameRef>xilinx_anylanguagesynthesis</spirit:viewNameRef>
            </spirit:wireTypeDef>
          </spirit:wireTypeDefs>
        </spirit:wire>
      </spirit:port>
      <spirit:port>
        <spirit:name>Type_Wave_IN1</spirit:name>
        <spirit:wire>
          <spirit:direction>in</spirit:direction>
          <spirit:vector>
            <spirit:left spirit:format="long">2</spirit:left>
            <spirit:right spirit:format="long">0</spirit:right>
          </spirit:vector>
          <spirit:wireTypeDefs>
            <spirit:wireTypeDef>
              <spirit:typeName>std_logic_vector</spirit:typeName>
              <spirit:viewNameRef>xilinx_anylanguagesynthesis</spirit:viewNameRef>
            </spirit:wireTypeDef>
          </spirit:wireTypeDefs>
          <spirit:driver>
            <spirit:defaultValue spirit:format="long">0</spirit:defaultValue>
          </spirit:driver>
        </spirit:wire>
      </spirit:port>
      <spirit:port>
        <spirit:name>Type_Wave_IN2</spirit:name>
        <spirit:wire>
          <spirit:direction>in</spirit:direction>
          <spirit:vector>
            <spirit:left spirit:format="long">2</spirit:left>
            <spirit:right spirit:format="long">0</spirit:right>
          </spirit:vector>
          <spirit:wireTypeDefs>
            <spirit:wireTypeDef>
              <spirit:typeName>std_logic_vector</spirit:typeName>
              <spirit:viewNameRef>xilinx_anylanguagesynthesis</spirit:viewNameRef>
            </spirit:wireTypeDef>
          </spirit:wireTypeDefs>
          <spirit:driver>
            <spirit:defaultValue spirit:format="long">0</spirit:defaultValue>
          </spirit:driver>
        </spirit:wire>
      </spirit:port>
      <spirit:port>
        <spirit:name>GATING</spirit:name>
        <spirit:wire>
          <spirit:direction>in</spirit:direction>
          <spirit:vector>
            <spirit:left spirit:format="long">2</spirit:left>
            <spirit:right spirit:format="long">0</spirit:right>
          </spirit:vector>
          <spirit:wireTypeDefs>
            <spirit:wireTypeDef>
              <spirit:typeName>std_logic_vector</spirit:typeName>
              <spirit:viewNameRef>xilinx_anylanguagesynthesis</spirit:viewNameRef>
            </spirit:wireTypeDef>
          </spirit:wireTypeDefs>
          <spirit:driver>
            <spirit:defaultValue spirit:format="long">0</spirit:defaultValue>
          </spirit:driver>
        </spirit:wire>
      </spirit:port>
      <spirit:port>
        <spirit:name>OUT1</spirit:name>
        <spirit:wire>
          <spirit:direction>out</spirit:direction>
          <spirit:vector>
            <spirit:left spirit:format="long">13</spirit:left>
            <spirit:right spirit:format="long">0</spirit:right>
          </spirit:vector>
          <spirit:wireTypeDefs>
            <spirit:wireTypeDef>
              <spirit:typeName>std_logic_vector</spirit:typeName>
              <spirit:viewNameRef>xilinx_anylanguagesynthesis</spirit:viewNameRef>
            </spirit:wireTypeDef>
          </spirit:wireTypeDefs>
          <spirit:driver>
            <spirit:defaultValue spirit:format="long">0</spirit:defaultValue>
          </spirit:driver>
        </spirit:wire>
      </spirit:port>
      <spirit:port>
        <spirit:name>OUT2</spirit:name>
        <spirit:wire>
          <spirit:direction>out</spirit:direction>
          <spirit:vector>
            <spirit:left spirit:format="long">13</spirit:left>
            <spirit:right spirit:format="long">0</spirit:right>
          </spirit:vector>
          <spirit:wireTypeDefs>
            <spirit:wireTypeDef>
              <spirit:typeName>std_logic_vector</spirit:typeName>
              <spirit:viewNameRef>xilinx_anylanguagesynthesis</spirit:viewNameRef>
            </spirit:wireTypeDef>
          </spirit:wireTypeDefs>
          <spirit:driver>
            <spirit:defaultValue spirit:format="long">0</spirit:defaultValue>
          </spirit:driver>
        </spirit:wire>
      </spirit:port>
    </spirit:ports>
  </spirit:model>
  <spirit:fileSets>
    <spirit:fileSet>
      <spirit:name>xilinx_anylanguagesynthesis_view_fileset</spirit:name>
      <spirit:file>
        <spirit:name>Signal_Generate.vhd</spirit:name>
        <spirit:fileType>vhdlSource</spirit:fileType>
        <spirit:userFileType>CHECKSUM_63656c8e</spirit:userFileType>
      </spirit:file>
    </spirit:fileSet>
    <spirit:fileSet>
      <spirit:name>xilinx_xpgui_view_fileset</spirit:name>
      <spirit:file>
        <spirit:name>xgui/Signal_Generate_v1_0.tcl</spirit:name>
        <spirit:fileType>tclSource</spirit:fileType>
        <spirit:userFileType>CHECKSUM_f64a5dae</spirit:userFileType>
        <spirit:userFileType>XGUI_VERSION_2</spirit:userFileType>
        <spirit:isIncludeFile>true</spirit:isIncludeFile>
      </spirit:file>
    </spirit:fileSet>
  </spirit:fileSets>
  <spirit:description>Signal_Generate_v1_0</spirit:description>
  <spirit:parameters>
    <spirit:parameter>
      <spirit:name>Component_Name</spirit:name>
      <spirit:value spirit:resolve="user" spirit:id="PARAM_VALUE.Component_Name" spirit:order="1">Signal_Generate_v1_0</spirit:value>
    </spirit:parameter>
  </spirit:parameters>
  <spirit:vendorExtensions>
    <xilinx:coreExtensions>
      <xilinx:supportedFamilies>
        <xilinx:family xilinx:lifeCycle="Production">virtex7</xilinx:family>
        <xilinx:family xilinx:lifeCycle="Production">qvirtex7</xilinx:family>
        <xilinx:family xilinx:lifeCycle="Production">versal</xilinx:family>
        <xilinx:family xilinx:lifeCycle="Production">kintex7</xilinx:family>
        <xilinx:family xilinx:lifeCycle="Production">kintex7l</xilinx:family>
        <xilinx:family xilinx:lifeCycle="Production">qkintex7</xilinx:family>
        <xilinx:family xilinx:lifeCycle="Production">qkintex7l</xilinx:family>
        <xilinx:family xilinx:lifeCycle="Production">akintex7</xilinx:family>
        <xilinx:family xilinx:lifeCycle="Production">artix7</xilinx:family>
        <xilinx:family xilinx:lifeCycle="Production">artix7l</xilinx:family>
        <xilinx:family xilinx:lifeCycle="Production">aartix7</xilinx:family>
        <xilinx:family xilinx:lifeCycle="Production">qartix7</xilinx:family>
        <xilinx:family xilinx:lifeCycle="Production">zynq</xilinx:family>
        <xilinx:family xilinx:lifeCycle="Production">qzynq</xilinx:family>
        <xilinx:family xilinx:lifeCycle="Production">azynq</xilinx:family>
        <xilinx:family xilinx:lifeCycle="Production">spartan7</xilinx:family>
        <xilinx:family xilinx:lifeCycle="Production">aspartan7</xilinx:family>
        <xilinx:family xilinx:lifeCycle="Production">virtexu</xilinx:family>
        <xilinx:family xilinx:lifeCycle="Production">zynquplus</xilinx:family>
        <xilinx:family xilinx:lifeCycle="Production">virtexuplus</xilinx:family>
        <xilinx:family xilinx:lifeCycle="Production">virtexuplusHBM</xilinx:family>
        <xilinx:family xilinx:lifeCycle="Production">virtexuplus58g</xilinx:family>
        <xilinx:family xilinx:lifeCycle="Production">kintexuplus</xilinx:family>
        <xilinx:family xilinx:lifeCycle="Production">kintexu</xilinx:family>
      </xilinx:supportedFamilies>
      <xilinx:taxonomies>
        <xilinx:taxonomy>/UserIP</xilinx:taxonomy>
      </xilinx:taxonomies>
      <xilinx:displayName>Signal_Generate_v1_0</xilinx:displayName>
      <xilinx:definitionSource>package_project</xilinx:definitionSource>
      <xilinx:coreRevision>18</xilinx:coreRevision>
      <xilinx:coreCreationDateTime>2023-04-03T14:57:58Z</xilinx:coreCreationDateTime>
      <xilinx:tags>
        <xilinx:tag xilinx:name="ui.data.coregen.dd@393e09f7_ARCHIVE_LOCATION">d:/varela/les_ip/signal_generate/signal_generate.srcs/sources_1/new</xilinx:tag>
        <xilinx:tag xilinx:name="ui.data.coregen.dd@438b9442_ARCHIVE_LOCATION">d:/varela/les_ip/signal_generate/signal_generate.srcs/sources_1/new</xilinx:tag>
        <xilinx:tag xilinx:name="ui.data.coregen.dd@3c107d0e_ARCHIVE_LOCATION">d:/varela/les_ip/signal_generate/signal_generate.srcs/sources_1/new</xilinx:tag>
        <xilinx:tag xilinx:name="ui.data.coregen.dd@31ec9ebe_ARCHIVE_LOCATION">d:/varela/les_ip/signal_generate/signal_generate.srcs/sources_1/new</xilinx:tag>
        <xilinx:tag xilinx:name="ui.data.coregen.dd@6835b409_ARCHIVE_LOCATION">d:/varela/les_ip/signal_generate/signal_generate.srcs/sources_1/new</xilinx:tag>
        <xilinx:tag xilinx:name="ui.data.coregen.dd@7fed74c_ARCHIVE_LOCATION">d:/varela/les_ip/signal_generate/signal_generate.srcs/sources_1/new</xilinx:tag>
        <xilinx:tag xilinx:name="ui.data.coregen.dd@4e9db48_ARCHIVE_LOCATION">d:/varela/les_ip/signal_generate/signal_generate.srcs/sources_1/new</xilinx:tag>
        <xilinx:tag xilinx:name="ui.data.coregen.dd@7d27eae8_ARCHIVE_LOCATION">d:/varela/les_ip/signal_generate/signal_generate.srcs/sources_1/new</xilinx:tag>
        <xilinx:tag xilinx:name="ui.data.coregen.dd@6b95b355_ARCHIVE_LOCATION">d:/varela/les_ip/signal_generate/signal_generate.srcs/sources_1/new</xilinx:tag>
        <xilinx:tag xilinx:name="ui.data.coregen.dd@2e5570b4_ARCHIVE_LOCATION">d:/varela/les_ip/signal_generate/signal_generate.srcs/sources_1/new</xilinx:tag>
        <xilinx:tag xilinx:name="ui.data.coregen.dd@64bbc63e_ARCHIVE_LOCATION">d:/varela/les_ip/signal_generate/signal_generate.srcs/sources_1/new</xilinx:tag>
        <xilinx:tag xilinx:name="ui.data.coregen.dd@313e673b_ARCHIVE_LOCATION">d:/varela/les_ip/signal_generate/signal_generate.srcs/sources_1/new</xilinx:tag>
        <xilinx:tag xilinx:name="ui.data.coregen.dd@2881110c_ARCHIVE_LOCATION">d:/varela/les_ip/signal_generate/signal_generate.srcs/sources_1/new</xilinx:tag>
        <xilinx:tag xilinx:name="ui.data.coregen.dd@1a0bb742_ARCHIVE_LOCATION">d:/varela/les_ip/signal_generate/signal_generate.srcs/sources_1/new</xilinx:tag>
        <xilinx:tag xilinx:name="ui.data.coregen.dd@59382579_ARCHIVE_LOCATION">d:/varela/les_ip/signal_generate/signal_generate.srcs/sources_1/new</xilinx:tag>
        <xilinx:tag xilinx:name="ui.data.coregen.dd@70e6afc7_ARCHIVE_LOCATION">d:/varela/les_ip/signal_generate/signal_generate.srcs/sources_1/new</xilinx:tag>
        <xilinx:tag xilinx:name="ui.data.coregen.dd@5ed99318_ARCHIVE_LOCATION">d:/varela/les_ip/signal_generate/signal_generate.srcs/sources_1/new</xilinx:tag>
        <xilinx:tag xilinx:name="ui.data.coregen.dd@3485fd5b_ARCHIVE_LOCATION">d:/varela/les_ip/signal_generate/signal_generate.srcs/sources_1/new</xilinx:tag>
        <xilinx:tag xilinx:name="ui.data.coregen.dd@194cedf5_ARCHIVE_LOCATION">d:/varela/les_ip/signal_generate/signal_generate.srcs/sources_1/new</xilinx:tag>
        <xilinx:tag xilinx:name="ui.data.coregen.dd@2f13084e_ARCHIVE_LOCATION">d:/VARELA/LES_IP/Signal_Generate/Signal_Generate.srcs/sources_1/new</xilinx:tag>
        <xilinx:tag xilinx:name="ui.data.coregen.dd@3c823a6d_ARCHIVE_LOCATION">d:/VARELA/LES_IP/Signal_Generate/Signal_Generate.srcs/sources_1/new</xilinx:tag>
        <xilinx:tag xilinx:name="ui.data.coregen.dd@3acd942c_ARCHIVE_LOCATION">d:/VARELA/LES_IP/Signal_Generate/Signal_Generate.srcs/sources_1/new</xilinx:tag>
        <xilinx:tag xilinx:name="ui.data.coregen.dd@66ad2842_ARCHIVE_LOCATION">d:/VARELA/LES_IP/Signal_Generate/Signal_Generate.srcs/sources_1/new</xilinx:tag>
        <xilinx:tag xilinx:name="ui.data.coregen.dd@50091640_ARCHIVE_LOCATION">d:/VARELA/LES_IP/Signal_Generate/Signal_Generate.srcs/sources_1/new</xilinx:tag>
        <xilinx:tag xilinx:name="ui.data.coregen.dd@4d74088c_ARCHIVE_LOCATION">d:/VARELA/LES_IP/Signal_Generate/Signal_Generate.srcs/sources_1/new</xilinx:tag>
        <xilinx:tag xilinx:name="ui.data.coregen.dd@33c68fe3_ARCHIVE_LOCATION">d:/VARELA/LES_IP/Signal_Generate/Signal_Generate.srcs/sources_1/new</xilinx:tag>
        <xilinx:tag xilinx:name="ui.data.coregen.dd@65dfb6e6_ARCHIVE_LOCATION">d:/VARELA/LES_IP/Signal_Generate/Signal_Generate.srcs/sources_1/new</xilinx:tag>
        <xilinx:tag xilinx:name="ui.data.coregen.dd@ddb86b9_ARCHIVE_LOCATION">d:/VARELA/LES_IP/Signal_Generate/Signal_Generate.srcs/sources_1/new</xilinx:tag>
        <xilinx:tag xilinx:name="ui.data.coregen.dd@4e63280_ARCHIVE_LOCATION">d:/VARELA/LES_IP/Signal_Generate/Signal_Generate.srcs/sources_1/new</xilinx:tag>
        <xilinx:tag xilinx:name="ui.data.coregen.dd@6b2cc188_ARCHIVE_LOCATION">d:/VARELA/LES_IP/Signal_Generate/Signal_Generate.srcs/sources_1/new</xilinx:tag>
        <xilinx:tag xilinx:name="ui.data.coregen.dd@5bb92617_ARCHIVE_LOCATION">d:/VARELA/LES_IP/Signal_Generate/Signal_Generate.srcs/sources_1/new</xilinx:tag>
        <xilinx:tag xilinx:name="ui.data.coregen.dd@77dade55_ARCHIVE_LOCATION">d:/VARELA/LES_IP/Signal_Generate/Signal_Generate.srcs/sources_1/new</xilinx:tag>
        <xilinx:tag xilinx:name="ui.data.coregen.dd@48f2edbe_ARCHIVE_LOCATION">d:/VARELA/LES_IP/Signal_Generate/Signal_Generate.srcs/sources_1/new</xilinx:tag>
        <xilinx:tag xilinx:name="ui.data.coregen.dd@2c797a8c_ARCHIVE_LOCATION">d:/VARELA/LES_IP/Signal_Generate/Signal_Generate.srcs/sources_1/new</xilinx:tag>
        <xilinx:tag xilinx:name="ui.data.coregen.dd@343af307_ARCHIVE_LOCATION">d:/VARELA/LES_IP/Signal_Generate/Signal_Generate.srcs/sources_1/new</xilinx:tag>
        <xilinx:tag xilinx:name="ui.data.coregen.dd@650889f5_ARCHIVE_LOCATION">d:/VARELA/LES_IP/Signal_Generate/Signal_Generate.srcs/sources_1/new</xilinx:tag>
        <xilinx:tag xilinx:name="ui.data.coregen.dd@3eb5fe1e_ARCHIVE_LOCATION">d:/VARELA/LES_IP/Signal_Generate/Signal_Generate.srcs/sources_1/new</xilinx:tag>
        <xilinx:tag xilinx:name="ui.data.coregen.dd@9bae207_ARCHIVE_LOCATION">d:/VARELA/LES_IP/Signal_Generate/Signal_Generate.srcs/sources_1/new</xilinx:tag>
        <xilinx:tag xilinx:name="ui.data.coregen.dd@5e319bb1_ARCHIVE_LOCATION">d:/VARELA/LES_IP/Signal_Generate/Signal_Generate.srcs/sources_1/new</xilinx:tag>
        <xilinx:tag xilinx:name="ui.data.coregen.dd@55acd693_ARCHIVE_LOCATION">d:/VARELA/LES_IP/Signal_Generate/Signal_Generate.srcs/sources_1/new</xilinx:tag>
        <xilinx:tag xilinx:name="ui.data.coregen.dd@14cfb632_ARCHIVE_LOCATION">d:/VARELA/LES_IP/Signal_Generate/Signal_Generate.srcs/sources_1/new</xilinx:tag>
        <xilinx:tag xilinx:name="ui.data.coregen.dd@39f28893_ARCHIVE_LOCATION">d:/VARELA/LES_IP/Signal_Generate/Signal_Generate.srcs/sources_1/new</xilinx:tag>
        <xilinx:tag xilinx:name="ui.data.coregen.dd@340bfb82_ARCHIVE_LOCATION">d:/VARELA/LES_IP/Signal_Generate/Signal_Generate.srcs/sources_1/new</xilinx:tag>
        <xilinx:tag xilinx:name="ui.data.coregen.dd@281bbc8d_ARCHIVE_LOCATION">d:/VARELA/LES_IP/Signal_Generate/Signal_Generate.srcs/sources_1/new</xilinx:tag>
        <xilinx:tag xilinx:name="ui.data.coregen.dd@23a11f91_ARCHIVE_LOCATION">d:/VARELA/LES_IP/Signal_Generate/Signal_Generate.srcs/sources_1/new</xilinx:tag>
        <xilinx:tag xilinx:name="ui.data.coregen.dd@16b789d_ARCHIVE_LOCATION">d:/VARELA/LES_IP/Signal_Generate/Signal_Generate.srcs/sources_1/new</xilinx:tag>
        <xilinx:tag xilinx:name="ui.data.coregen.dd@4f1889a2_ARCHIVE_LOCATION">d:/VARELA/LES_IP/Signal_Generate/Signal_Generate.srcs/sources_1/new</xilinx:tag>
        <xilinx:tag xilinx:name="ui.data.coregen.dd@3f67c655_ARCHIVE_LOCATION">d:/VARELA/LES_IP/Signal_Generate/Signal_Generate.srcs/sources_1/new</xilinx:tag>
        <xilinx:tag xilinx:name="ui.data.coregen.dd@49510aca_ARCHIVE_LOCATION">d:/VARELA/LES_IP/Signal_Generate/Signal_Generate.srcs/sources_1/new</xilinx:tag>
        <xilinx:tag xilinx:name="ui.data.coregen.dd@38d9e167_ARCHIVE_LOCATION">d:/VARELA/LES_IP/Signal_Generate/Signal_Generate.srcs/sources_1/new</xilinx:tag>
        <xilinx:tag xilinx:name="ui.data.coregen.dd@4d75118c_ARCHIVE_LOCATION">d:/VARELA/LES_IP/Signal_Generate/Signal_Generate.srcs/sources_1/new</xilinx:tag>
        <xilinx:tag xilinx:name="ui.data.coregen.dd@50e746df_ARCHIVE_LOCATION">d:/VARELA/LES_IP/Signal_Generate/Signal_Generate.srcs/sources_1/new</xilinx:tag>
        <xilinx:tag xilinx:name="ui.data.coregen.dd@417963b6_ARCHIVE_LOCATION">d:/VARELA/LES_IP/Signal_Generate/Signal_Generate.srcs/sources_1/new</xilinx:tag>
        <xilinx:tag xilinx:name="ui.data.coregen.dd@577440e4_ARCHIVE_LOCATION">d:/VARELA/LES_IP/Signal_Generate/Signal_Generate.srcs/sources_1/new</xilinx:tag>
        <xilinx:tag xilinx:name="ui.data.coregen.dd@483f006_ARCHIVE_LOCATION">d:/VARELA/LES_IP/Signal_Generate/Signal_Generate.srcs/sources_1/new</xilinx:tag>
        <xilinx:tag xilinx:name="ui.data.coregen.dd@abc4883_ARCHIVE_LOCATION">d:/VARELA/LES_IP/Signal_Generate/Signal_Generate.srcs/sources_1/new</xilinx:tag>
        <xilinx:tag xilinx:name="ui.data.coregen.dd@2b2309e3_ARCHIVE_LOCATION">d:/VARELA/LES_IP/Signal_Generate/Signal_Generate.srcs/sources_1/new</xilinx:tag>
        <xilinx:tag xilinx:name="ui.data.coregen.dd@569bada5_ARCHIVE_LOCATION">d:/VARELA/LES_IP/Signal_Generate/Signal_Generate.srcs/sources_1/new</xilinx:tag>
        <xilinx:tag xilinx:name="ui.data.coregen.dd@533c14f3_ARCHIVE_LOCATION">d:/VARELA/LES_IP/Signal_Generate/Signal_Generate.srcs/sources_1/new</xilinx:tag>
        <xilinx:tag xilinx:name="ui.data.coregen.dd@3cb5bae6_ARCHIVE_LOCATION">d:/VARELA/LES_IP/Signal_Generate/Signal_Generate.srcs/sources_1/new</xilinx:tag>
        <xilinx:tag xilinx:name="ui.data.coregen.dd@69f408c7_ARCHIVE_LOCATION">d:/VARELA/LES_IP/Signal_Generate/Signal_Generate.srcs/sources_1/new</xilinx:tag>
        <xilinx:tag xilinx:name="ui.data.coregen.dd@34c07b06_ARCHIVE_LOCATION">d:/VARELA/LES_IP/Signal_Generate/Signal_Generate.srcs/sources_1/new</xilinx:tag>
        <xilinx:tag xilinx:name="ui.data.coregen.dd@67fb28d0_ARCHIVE_LOCATION">d:/VARELA/LES_IP/Signal_Generate/Signal_Generate.srcs/sources_1/new</xilinx:tag>
        <xilinx:tag xilinx:name="ui.data.coregen.dd@12ae6a86_ARCHIVE_LOCATION">d:/VARELA/LES_IP/Signal_Generate/Signal_Generate.srcs/sources_1/new</xilinx:tag>
        <xilinx:tag xilinx:name="ui.data.coregen.dd@58b934d3_ARCHIVE_LOCATION">d:/VARELA/LES_IP/Signal_Generate/Signal_Generate.srcs/sources_1/new</xilinx:tag>
        <xilinx:tag xilinx:name="ui.data.coregen.dd@6c345da3_ARCHIVE_LOCATION">d:/VARELA/LES_IP/Signal_Generate/Signal_Generate.srcs/sources_1/new</xilinx:tag>
        <xilinx:tag xilinx:name="ui.data.coregen.dd@18bef7ec_ARCHIVE_LOCATION">d:/VARELA/LES_IP/Signal_Generate/Signal_Generate.srcs/sources_1/new</xilinx:tag>
        <xilinx:tag xilinx:name="ui.data.coregen.dd@67c406b7_ARCHIVE_LOCATION">d:/VARELA/LES_IP/Signal_Generate/Signal_Generate.srcs/sources_1/new</xilinx:tag>
        <xilinx:tag xilinx:name="ui.data.coregen.dd@28737a1d_ARCHIVE_LOCATION">d:/VARELA/LES_IP/Signal_Generate/Signal_Generate.srcs/sources_1/new</xilinx:tag>
        <xilinx:tag xilinx:name="ui.data.coregen.dd@c184887_ARCHIVE_LOCATION">d:/VARELA/LES_IP/Signal_Generate/Signal_Generate.srcs/sources_1/new</xilinx:tag>
        <xilinx:tag xilinx:name="ui.data.coregen.dd@aef7fb3_ARCHIVE_LOCATION">d:/VARELA/LES_IP/Signal_Generate/Signal_Generate.srcs/sources_1/new</xilinx:tag>
        <xilinx:tag xilinx:name="ui.data.coregen.dd@1d883cf1_ARCHIVE_LOCATION">d:/VARELA/LES_IP/Signal_Generate/Signal_Generate.srcs/sources_1/new</xilinx:tag>
        <xilinx:tag xilinx:name="ui.data.coregen.dd@35f6ba76_ARCHIVE_LOCATION">d:/VARELA/LES_IP/Signal_Generate/Signal_Generate.srcs/sources_1/new</xilinx:tag>
        <xilinx:tag xilinx:name="ui.data.coregen.dd@cf5c52b_ARCHIVE_LOCATION">d:/VARELA/LES_IP/Signal_Generate/Signal_Generate.srcs/sources_1/new</xilinx:tag>
        <xilinx:tag xilinx:name="ui.data.coregen.dd@257507_ARCHIVE_LOCATION">d:/VARELA/LES_IP/Signal_Generate/Signal_Generate.srcs/sources_1/new</xilinx:tag>
        <xilinx:tag xilinx:name="ui.data.coregen.dd@cf220e0_ARCHIVE_LOCATION">d:/VARELA/LES_IP/Signal_Generate/Signal_Generate.srcs/sources_1/new</xilinx:tag>
        <xilinx:tag xilinx:name="ui.data.coregen.dd@4ec659d9_ARCHIVE_LOCATION">d:/VARELA/LES_IP/Signal_Generate/Signal_Generate.srcs/sources_1/new</xilinx:tag>
        <xilinx:tag xilinx:name="ui.data.coregen.dd@5b2a4336_ARCHIVE_LOCATION">d:/VARELA/LES_IP/Signal_Generate/Signal_Generate.srcs/sources_1/new</xilinx:tag>
        <xilinx:tag xilinx:name="ui.data.coregen.dd@74a5b4b0_ARCHIVE_LOCATION">d:/VARELA/LES_IP/Signal_Generate/Signal_Generate.srcs/sources_1/new</xilinx:tag>
        <xilinx:tag xilinx:name="ui.data.coregen.dd@658dcf4d_ARCHIVE_LOCATION">d:/VARELA/LES_IP/Signal_Generate/Signal_Generate.srcs/sources_1/new</xilinx:tag>
        <xilinx:tag xilinx:name="ui.data.coregen.dd@6e0886e3_ARCHIVE_LOCATION">d:/VARELA/LES_IP/Signal_Generate/Signal_Generate.srcs/sources_1/new</xilinx:tag>
        <xilinx:tag xilinx:name="ui.data.coregen.dd@3982e01a_ARCHIVE_LOCATION">d:/VARELA/LES_IP/Signal_Generate/Signal_Generate.srcs/sources_1/new</xilinx:tag>
        <xilinx:tag xilinx:name="ui.data.coregen.dd@51926612_ARCHIVE_LOCATION">d:/VARELA/LES_IP/Signal_Generate/Signal_Generate.srcs/sources_1/new</xilinx:tag>
        <xilinx:tag xilinx:name="ui.data.coregen.dd@2d325cf2_ARCHIVE_LOCATION">d:/VARELA/LES_IP/Signal_Generate/Signal_Generate.srcs/sources_1/new</xilinx:tag>
        <xilinx:tag xilinx:name="ui.data.coregen.dd@e32bd12_ARCHIVE_LOCATION">d:/VARELA/LES_IP/Signal_Generate/Signal_Generate.srcs/sources_1/new</xilinx:tag>
        <xilinx:tag xilinx:name="ui.data.coregen.dd@2e7be6fc_ARCHIVE_LOCATION">d:/VARELA/LES_IP/Signal_Generate/Signal_Generate.srcs/sources_1/new</xilinx:tag>
        <xilinx:tag xilinx:name="ui.data.coregen.dd@178d2971_ARCHIVE_LOCATION">d:/VARELA/LES_IP/Signal_Generate/Signal_Generate.srcs/sources_1/new</xilinx:tag>
        <xilinx:tag xilinx:name="ui.data.coregen.dd@1499223b_ARCHIVE_LOCATION">d:/VARELA/LES_IP/Signal_Generate/Signal_Generate.srcs/sources_1/new</xilinx:tag>
        <xilinx:tag xilinx:name="ui.data.coregen.dd@1e8c0d0d_ARCHIVE_LOCATION">d:/VARELA/LES_IP/Signal_Generate/Signal_Generate.srcs/sources_1/new</xilinx:tag>
        <xilinx:tag xilinx:name="ui.data.coregen.dd@347cdafe_ARCHIVE_LOCATION">d:/VARELA/LES_IP/Signal_Generate/Signal_Generate.srcs/sources_1/new</xilinx:tag>
        <xilinx:tag xilinx:name="ui.data.coregen.dd@4ea5f68a_ARCHIVE_LOCATION">d:/VARELA/LES_IP/Signal_Generate/Signal_Generate.srcs/sources_1/new</xilinx:tag>
        <xilinx:tag xilinx:name="ui.data.coregen.dd@3a792849_ARCHIVE_LOCATION">d:/VARELA/LES_IP/Signal_Generate/Signal_Generate.srcs/sources_1/new</xilinx:tag>
        <xilinx:tag xilinx:name="ui.data.coregen.dd@35559cc_ARCHIVE_LOCATION">d:/VARELA/LES_IP/Signal_Generate/Signal_Generate.srcs/sources_1/new</xilinx:tag>
        <xilinx:tag xilinx:name="ui.data.coregen.dd@71fcbb4f_ARCHIVE_LOCATION">d:/VARELA/LES_IP/Signal_Generate/Signal_Generate.srcs/sources_1/new</xilinx:tag>
        <xilinx:tag xilinx:name="ui.data.coregen.dd@13056d26_ARCHIVE_LOCATION">d:/VARELA/LES_IP/Signal_Generate/Signal_Generate.srcs/sources_1/new</xilinx:tag>
        <xilinx:tag xilinx:name="ui.data.coregen.dd@2b716891_ARCHIVE_LOCATION">d:/VARELA/LES_IP/Signal_Generate/Signal_Generate.srcs/sources_1/new</xilinx:tag>
        <xilinx:tag xilinx:name="ui.data.coregen.dd@3193d8c_ARCHIVE_LOCATION">d:/VARELA/LES_IP/Signal_Generate/Signal_Generate.srcs/sources_1/new</xilinx:tag>
        <xilinx:tag xilinx:name="ui.data.coregen.dd@77e87b8c_ARCHIVE_LOCATION">d:/VARELA/LES_IP/Signal_Generate/Signal_Generate.srcs/sources_1/new</xilinx:tag>
        <xilinx:tag xilinx:name="ui.data.coregen.dd@2376a27e_ARCHIVE_LOCATION">d:/VARELA/LES_IP/Signal_Generate/Signal_Generate.srcs/sources_1/new</xilinx:tag>
        <xilinx:tag xilinx:name="ui.data.coregen.dd@4cfa6424_ARCHIVE_LOCATION">d:/VARELA/LES_IP/Signal_Generate/Signal_Generate.srcs/sources_1/new</xilinx:tag>
        <xilinx:tag xilinx:name="ui.data.coregen.dd@1a4ffc41_ARCHIVE_LOCATION">d:/VARELA/LES_IP/Signal_Generate/Signal_Generate.srcs/sources_1/new</xilinx:tag>
        <xilinx:tag xilinx:name="ui.data.coregen.dd@77a6ea6b_ARCHIVE_LOCATION">d:/VARELA/LES_IP/Signal_Generate/Signal_Generate.srcs/sources_1/new</xilinx:tag>
        <xilinx:tag xilinx:name="ui.data.coregen.dd@ee7b825_ARCHIVE_LOCATION">d:/VARELA/LES_IP/Signal_Generate/Signal_Generate.srcs/sources_1/new</xilinx:tag>
        <xilinx:tag xilinx:name="ui.data.coregen.dd@6099bcab_ARCHIVE_LOCATION">d:/VARELA/LES_IP/Signal_Generate/Signal_Generate.srcs/sources_1/new</xilinx:tag>
        <xilinx:tag xilinx:name="ui.data.coregen.dd@51ee1f73_ARCHIVE_LOCATION">d:/VARELA/LES_IP/Signal_Generate/Signal_Generate.srcs/sources_1/new</xilinx:tag>
        <xilinx:tag xilinx:name="ui.data.coregen.dd@45e5cb30_ARCHIVE_LOCATION">d:/VARELA/LES_IP/Signal_Generate/Signal_Generate.srcs/sources_1/new</xilinx:tag>
        <xilinx:tag xilinx:name="ui.data.coregen.dd@124081e0_ARCHIVE_LOCATION">d:/VARELA/LES_IP/Signal_Generate/Signal_Generate.srcs/sources_1/new</xilinx:tag>
        <xilinx:tag xilinx:name="ui.data.coregen.dd@4488cc85_ARCHIVE_LOCATION">d:/VARELA/LES_IP/Signal_Generate/Signal_Generate.srcs/sources_1/new</xilinx:tag>
        <xilinx:tag xilinx:name="ui.data.coregen.dd@52b9e08c_ARCHIVE_LOCATION">d:/VARELA/LES_IP/Signal_Generate/Signal_Generate.srcs/sources_1/new</xilinx:tag>
        <xilinx:tag xilinx:name="ui.data.coregen.dd@253d3a1c_ARCHIVE_LOCATION">d:/VARELA/LES_IP/Signal_Generate/Signal_Generate.srcs/sources_1/new</xilinx:tag>
        <xilinx:tag xilinx:name="ui.data.coregen.dd@6e3c65c9_ARCHIVE_LOCATION">d:/VARELA/LES_IP/Signal_Generate/Signal_Generate.srcs/sources_1/new</xilinx:tag>
        <xilinx:tag xilinx:name="ui.data.coregen.dd@71b81b81_ARCHIVE_LOCATION">d:/VARELA/LES_IP/Signal_Generate/Signal_Generate.srcs/sources_1/new</xilinx:tag>
        <xilinx:tag xilinx:name="ui.data.coregen.dd@51c575a8_ARCHIVE_LOCATION">d:/VARELA/LES_IP/Signal_Generate/Signal_Generate.srcs/sources_1/new</xilinx:tag>
        <xilinx:tag xilinx:name="ui.data.coregen.dd@57d6bca_ARCHIVE_LOCATION">d:/VARELA/LES_IP/Signal_Generate/Signal_Generate.srcs/sources_1/new</xilinx:tag>
        <xilinx:tag xilinx:name="ui.data.coregen.dd@708613b2_ARCHIVE_LOCATION">d:/VARELA/LES_IP/Signal_Generate/Signal_Generate.srcs/sources_1/new</xilinx:tag>
        <xilinx:tag xilinx:name="ui.data.coregen.dd@72bdac17_ARCHIVE_LOCATION">d:/VARELA/LES_IP/Signal_Generate/Signal_Generate.srcs/sources_1/new</xilinx:tag>
        <xilinx:tag xilinx:name="ui.data.coregen.dd@402c7d40_ARCHIVE_LOCATION">d:/VARELA/LES_IP/Signal_Generate/Signal_Generate.srcs/sources_1/new</xilinx:tag>
        <xilinx:tag xilinx:name="ui.data.coregen.dd@7c331ac3_ARCHIVE_LOCATION">d:/VARELA/LES_IP/Signal_Generate/Signal_Generate.srcs/sources_1/new</xilinx:tag>
        <xilinx:tag xilinx:name="ui.data.coregen.dd@67146c9c_ARCHIVE_LOCATION">d:/VARELA/LES_IP/Signal_Generate/Signal_Generate.srcs/sources_1/new</xilinx:tag>
        <xilinx:tag xilinx:name="ui.data.coregen.dd@11db9b60_ARCHIVE_LOCATION">d:/VARELA/LES_IP/Signal_Generate/Signal_Generate.srcs/sources_1/new</xilinx:tag>
        <xilinx:tag xilinx:name="ui.data.coregen.dd@2ceac818_ARCHIVE_LOCATION">d:/VARELA/LES_IP/Signal_Generate/Signal_Generate.srcs/sources_1/new</xilinx:tag>
        <xilinx:tag xilinx:name="ui.data.coregen.dd@4bddf406_ARCHIVE_LOCATION">d:/VARELA/LES_IP/Signal_Generate/Signal_Generate.srcs/sources_1/new</xilinx:tag>
        <xilinx:tag xilinx:name="ui.data.coregen.dd@484f060b_ARCHIVE_LOCATION">d:/VARELA/LES_IP/Signal_Generate/Signal_Generate.srcs/sources_1/new</xilinx:tag>
        <xilinx:tag xilinx:name="ui.data.coregen.dd@1dde5ea8_ARCHIVE_LOCATION">d:/VARELA/LES_IP/Signal_Generate/Signal_Generate.srcs/sources_1/new</xilinx:tag>
        <xilinx:tag xilinx:name="ui.data.coregen.dd@47de7b0_ARCHIVE_LOCATION">d:/VARELA/LES_IP/Signal_Generate/Signal_Generate.srcs/sources_1/new</xilinx:tag>
        <xilinx:tag xilinx:name="ui.data.coregen.dd@7963f8e3_ARCHIVE_LOCATION">d:/VARELA/LES_IP/Signal_Generate/Signal_Generate.srcs/sources_1/new</xilinx:tag>
        <xilinx:tag xilinx:name="ui.data.coregen.dd@3f44b290_ARCHIVE_LOCATION">d:/VARELA/LES_IP/Signal_Generate/Signal_Generate.srcs/sources_1/new</xilinx:tag>
        <xilinx:tag xilinx:name="ui.data.coregen.dd@7161f879_ARCHIVE_LOCATION">d:/VARELA/LES_IP/Signal_Generate/Signal_Generate.srcs/sources_1/new</xilinx:tag>
        <xilinx:tag xilinx:name="ui.data.coregen.dd@2cd03f05_ARCHIVE_LOCATION">d:/VARELA/LES_IP/Signal_Generate/Signal_Generate.srcs/sources_1/new</xilinx:tag>
        <xilinx:tag xilinx:name="ui.data.coregen.dd@11f3583_ARCHIVE_LOCATION">d:/VARELA/LES_IP/Signal_Generate/Signal_Generate.srcs/sources_1/new</xilinx:tag>
        <xilinx:tag xilinx:name="ui.data.coregen.dd@1998a1b5_ARCHIVE_LOCATION">d:/VARELA/LES_IP/Signal_Generate/Signal_Generate.srcs/sources_1/new</xilinx:tag>
        <xilinx:tag xilinx:name="ui.data.coregen.dd@4bcceeac_ARCHIVE_LOCATION">d:/VARELA/LES_IP/Signal_Generate/Signal_Generate.srcs/sources_1/new</xilinx:tag>
        <xilinx:tag xilinx:name="ui.data.coregen.dd@78576ec5_ARCHIVE_LOCATION">d:/VARELA/LES_IP/Signal_Generate/Signal_Generate.srcs/sources_1/new</xilinx:tag>
        <xilinx:tag xilinx:name="ui.data.coregen.dd@def068_ARCHIVE_LOCATION">d:/VARELA/LES_IP/Signal_Generate/Signal_Generate.srcs/sources_1/new</xilinx:tag>
        <xilinx:tag xilinx:name="ui.data.coregen.dd@2493cae5_ARCHIVE_LOCATION">d:/VARELA/LES_IP/Signal_Generate/Signal_Generate.srcs/sources_1/new</xilinx:tag>
        <xilinx:tag xilinx:name="ui.data.coregen.dd@7552f7a3_ARCHIVE_LOCATION">d:/VARELA/LES_IP/Signal_Generate/Signal_Generate.srcs/sources_1/new</xilinx:tag>
        <xilinx:tag xilinx:name="ui.data.coregen.dd@964e85d_ARCHIVE_LOCATION">d:/VARELA/LES_IP/Signal_Generate/Signal_Generate.srcs/sources_1/new</xilinx:tag>
        <xilinx:tag xilinx:name="ui.data.coregen.dd@1f7ff25d_ARCHIVE_LOCATION">d:/VARELA/LES_IP/Signal_Generate/Signal_Generate.srcs/sources_1/new</xilinx:tag>
        <xilinx:tag xilinx:name="ui.data.coregen.dd@3632b8f2_ARCHIVE_LOCATION">d:/VARELA/LES_IP/Signal_Generate/Signal_Generate.srcs/sources_1/new</xilinx:tag>
        <xilinx:tag xilinx:name="ui.data.coregen.dd@d450ca3_ARCHIVE_LOCATION">d:/VARELA/LES_IP/Signal_Generate/Signal_Generate.srcs/sources_1/new</xilinx:tag>
        <xilinx:tag xilinx:name="ui.data.coregen.dd@5fa0c67f_ARCHIVE_LOCATION">d:/VARELA/LES_IP/Signal_Generate/Signal_Generate.srcs/sources_1/new</xilinx:tag>
        <xilinx:tag xilinx:name="ui.data.coregen.dd@648c90ec_ARCHIVE_LOCATION">d:/VARELA/LES_IP/Signal_Generate/Signal_Generate.srcs/sources_1/new</xilinx:tag>
        <xilinx:tag xilinx:name="ui.data.coregen.dd@75a0e32e_ARCHIVE_LOCATION">d:/VARELA/LES_IP/Signal_Generate/Signal_Generate.srcs/sources_1/new</xilinx:tag>
        <xilinx:tag xilinx:name="ui.data.coregen.dd@cf9e325_ARCHIVE_LOCATION">d:/VARELA/LES_IP/Signal_Generate/Signal_Generate.srcs/sources_1/new</xilinx:tag>
        <xilinx:tag xilinx:name="ui.data.coregen.dd@29a7e40f_ARCHIVE_LOCATION">d:/VARELA/LES_IP/Signal_Generate/Signal_Generate.srcs/sources_1/new</xilinx:tag>
        <xilinx:tag xilinx:name="ui.data.coregen.dd@668883c1_ARCHIVE_LOCATION">d:/VARELA/LES_IP/Signal_Generate/Signal_Generate.srcs/sources_1/new</xilinx:tag>
        <xilinx:tag xilinx:name="ui.data.coregen.dd@6d644054_ARCHIVE_LOCATION">d:/VARELA/LES_IP/Signal_Generate/Signal_Generate.srcs/sources_1/new</xilinx:tag>
        <xilinx:tag xilinx:name="ui.data.coregen.dd@34931ba9_ARCHIVE_LOCATION">d:/VARELA/LES_IP/Signal_Generate/Signal_Generate.srcs/sources_1/new</xilinx:tag>
        <xilinx:tag xilinx:name="ui.data.coregen.dd@30368258_ARCHIVE_LOCATION">d:/VARELA/LES_IP/Signal_Generate/Signal_Generate.srcs/sources_1/new</xilinx:tag>
        <xilinx:tag xilinx:name="ui.data.coregen.dd@2bb97136_ARCHIVE_LOCATION">d:/VARELA/LES_IP/Signal_Generate/Signal_Generate.srcs/sources_1/new</xilinx:tag>
        <xilinx:tag xilinx:name="ui.data.coregen.dd@4a2677c8_ARCHIVE_LOCATION">d:/VARELA/LES_IP/Signal_Generate/Signal_Generate.srcs/sources_1/new</xilinx:tag>
        <xilinx:tag xilinx:name="ui.data.coregen.dd@2b0cc782_ARCHIVE_LOCATION">d:/VARELA/LES_IP/Signal_Generate/Signal_Generate.srcs/sources_1/new</xilinx:tag>
        <xilinx:tag xilinx:name="ui.data.coregen.dd@7f82effc_ARCHIVE_LOCATION">d:/VARELA/LES_IP/Signal_Generate/Signal_Generate.srcs/sources_1/new</xilinx:tag>
        <xilinx:tag xilinx:name="ui.data.coregen.dd@47521ede_ARCHIVE_LOCATION">d:/VARELA/LES_IP/Signal_Generate/Signal_Generate.srcs/sources_1/new</xilinx:tag>
        <xilinx:tag xilinx:name="ui.data.coregen.dd@3983ba2e_ARCHIVE_LOCATION">d:/VARELA/LES_IP/Signal_Generate/Signal_Generate.srcs/sources_1/new</xilinx:tag>
        <xilinx:tag xilinx:name="ui.data.coregen.dd@38185666_ARCHIVE_LOCATION">d:/VARELA/LES_IP/Signal_Generate/Signal_Generate.srcs/sources_1/new</xilinx:tag>
        <xilinx:tag xilinx:name="ui.data.coregen.dd@4b7849ee_ARCHIVE_LOCATION">d:/VARELA/LES_IP/Signal_Generate/Signal_Generate.srcs/sources_1/new</xilinx:tag>
        <xilinx:tag xilinx:name="ui.data.coregen.dd@7ae2fe6c_ARCHIVE_LOCATION">d:/VARELA/LES_IP/Signal_Generate/Signal_Generate.srcs/sources_1/new</xilinx:tag>
        <xilinx:tag xilinx:name="ui.data.coregen.dd@402e939e_ARCHIVE_LOCATION">d:/VARELA/LES_IP/Signal_Generate/Signal_Generate.srcs/sources_1/new</xilinx:tag>
        <xilinx:tag xilinx:name="ui.data.coregen.dd@df20857_ARCHIVE_LOCATION">d:/VARELA/LES_IP/Signal_Generate/Signal_Generate.srcs/sources_1/new</xilinx:tag>
        <xilinx:tag xilinx:name="ui.data.coregen.dd@48473456_ARCHIVE_LOCATION">d:/VARELA/LES_IP/Signal_Generate/Signal_Generate.srcs/sources_1/new</xilinx:tag>
        <xilinx:tag xilinx:name="ui.data.coregen.dd@4a915d52_ARCHIVE_LOCATION">d:/VARELA/LES_IP/Signal_Generate/Signal_Generate.srcs/sources_1/new</xilinx:tag>
        <xilinx:tag xilinx:name="ui.data.coregen.dd@6dcde280_ARCHIVE_LOCATION">d:/VARELA/LES_IP/Signal_Generate/Signal_Generate.srcs/sources_1/new</xilinx:tag>
        <xilinx:tag xilinx:name="ui.data.coregen.dd@6cbd5eb1_ARCHIVE_LOCATION">d:/VARELA/LES_IP/Signal_Generate/Signal_Generate.srcs/sources_1/new</xilinx:tag>
        <xilinx:tag xilinx:name="ui.data.coregen.dd@abb9263_ARCHIVE_LOCATION">d:/VARELA/LES_IP/Signal_Generate/Signal_Generate.srcs/sources_1/new</xilinx:tag>
        <xilinx:tag xilinx:name="ui.data.coregen.dd@1e4c052c_ARCHIVE_LOCATION">d:/VARELA/LES_IP/Signal_Generate/Signal_Generate.srcs/sources_1/new</xilinx:tag>
        <xilinx:tag xilinx:name="ui.data.coregen.dd@7e1112bb_ARCHIVE_LOCATION">d:/VARELA/LES_IP/Signal_Generate/Signal_Generate.srcs/sources_1/new</xilinx:tag>
        <xilinx:tag xilinx:name="ui.data.coregen.dd@2ff0b6eb_ARCHIVE_LOCATION">d:/VARELA/LES_IP/Signal_Generate/Signal_Generate.srcs/sources_1/new</xilinx:tag>
        <xilinx:tag xilinx:name="ui.data.coregen.dd@129f5a98_ARCHIVE_LOCATION">d:/VARELA/LES_IP/Signal_Generate/Signal_Generate.srcs/sources_1/new</xilinx:tag>
        <xilinx:tag xilinx:name="ui.data.coregen.dd@1a0e8666_ARCHIVE_LOCATION">d:/VARELA/LES_IP/Signal_Generate/Signal_Generate.srcs/sources_1/new</xilinx:tag>
        <xilinx:tag xilinx:name="ui.data.coregen.dd@1a67c190_ARCHIVE_LOCATION">d:/VARELA/LES_IP/Signal_Generate/Signal_Generate.srcs/sources_1/new</xilinx:tag>
        <xilinx:tag xilinx:name="ui.data.coregen.dd@6ce8ef01_ARCHIVE_LOCATION">d:/VARELA/LES_IP/Signal_Generate/Signal_Generate.srcs/sources_1/new</xilinx:tag>
        <xilinx:tag xilinx:name="ui.data.coregen.dd@2b8f4cfa_ARCHIVE_LOCATION">d:/VARELA/LES_IP/Signal_Generate/Signal_Generate.srcs/sources_1/new</xilinx:tag>
        <xilinx:tag xilinx:name="ui.data.coregen.dd@1b1522c1_ARCHIVE_LOCATION">d:/VARELA/LES_IP/Signal_Generate/Signal_Generate.srcs/sources_1/new</xilinx:tag>
        <xilinx:tag xilinx:name="ui.data.coregen.dd@75f6fb8_ARCHIVE_LOCATION">d:/VARELA/LES_IP/Signal_Generate/Signal_Generate.srcs/sources_1/new</xilinx:tag>
        <xilinx:tag xilinx:name="ui.data.coregen.dd@32f09d6e_ARCHIVE_LOCATION">d:/VARELA/LES_IP/Signal_Generate/Signal_Generate.srcs/sources_1/new</xilinx:tag>
        <xilinx:tag xilinx:name="ui.data.coregen.dd@4cdae8c0_ARCHIVE_LOCATION">d:/VARELA/LES_IP/Signal_Generate/Signal_Generate.srcs/sources_1/new</xilinx:tag>
        <xilinx:tag xilinx:name="ui.data.coregen.dd@5259a6fc_ARCHIVE_LOCATION">d:/VARELA/LES_IP/Signal_Generate/Signal_Generate.srcs/sources_1/new</xilinx:tag>
        <xilinx:tag xilinx:name="ui.data.coregen.dd@10130bef_ARCHIVE_LOCATION">d:/VARELA/LES_IP/Signal_Generate/Signal_Generate.srcs/sources_1/new</xilinx:tag>
        <xilinx:tag xilinx:name="ui.data.coregen.dd@4d7fe94f_ARCHIVE_LOCATION">d:/VARELA/LES_IP/Signal_Generate/Signal_Generate.srcs/sources_1/new</xilinx:tag>
        <xilinx:tag xilinx:name="ui.data.coregen.dd@54bdca81_ARCHIVE_LOCATION">d:/VARELA/LES_IP/Signal_Generate/Signal_Generate.srcs/sources_1/new</xilinx:tag>
        <xilinx:tag xilinx:name="ui.data.coregen.dd@3317fc6f_ARCHIVE_LOCATION">d:/VARELA/LES_IP/Signal_Generate/Signal_Generate.srcs/sources_1/new</xilinx:tag>
        <xilinx:tag xilinx:name="ui.data.coregen.dd@5c5486f9_ARCHIVE_LOCATION">d:/VARELA/LES_IP/Signal_Generate/Signal_Generate.srcs/sources_1/new</xilinx:tag>
        <xilinx:tag xilinx:name="ui.data.coregen.dd@68aa7eca_ARCHIVE_LOCATION">d:/VARELA/LES_IP/Signal_Generate/Signal_Generate.srcs/sources_1/new</xilinx:tag>
        <xilinx:tag xilinx:name="ui.data.coregen.dd@25366b67_ARCHIVE_LOCATION">d:/VARELA/LES_IP/Signal_Generate/Signal_Generate.srcs/sources_1/new</xilinx:tag>
        <xilinx:tag xilinx:name="ui.data.coregen.dd@707ae1ae_ARCHIVE_LOCATION">d:/VARELA/LES_IP/Signal_Generate/Signal_Generate.srcs/sources_1/new</xilinx:tag>
        <xilinx:tag xilinx:name="ui.data.coregen.dd@aabe2fc_ARCHIVE_LOCATION">d:/VARELA/LES_IP/Signal_Generate/Signal_Generate.srcs/sources_1/new</xilinx:tag>
        <xilinx:tag xilinx:name="ui.data.coregen.dd@4dfbf9ce_ARCHIVE_LOCATION">d:/VARELA/LES_IP/Signal_Generate/Signal_Generate.srcs/sources_1/new</xilinx:tag>
        <xilinx:tag xilinx:name="ui.data.coregen.dd@3bc26760_ARCHIVE_LOCATION">d:/VARELA/LES_IP/Signal_Generate/Signal_Generate.srcs/sources_1/new</xilinx:tag>
        <xilinx:tag xilinx:name="ui.data.coregen.dd@75913712_ARCHIVE_LOCATION">d:/VARELA/LES_IP/Signal_Generate/Signal_Generate.srcs/sources_1/new</xilinx:tag>
        <xilinx:tag xilinx:name="ui.data.coregen.dd@6372a6df_ARCHIVE_LOCATION">d:/VARELA/LES_IP/Signal_Generate/Signal_Generate.srcs/sources_1/new</xilinx:tag>
        <xilinx:tag xilinx:name="ui.data.coregen.dd@2d942d4b_ARCHIVE_LOCATION">d:/VARELA/LES_IP/Signal_Generate/Signal_Generate.srcs/sources_1/new</xilinx:tag>
        <xilinx:tag xilinx:name="ui.data.coregen.dd@4b0ee574_ARCHIVE_LOCATION">d:/VARELA/LES_IP/Signal_Generate/Signal_Generate.srcs/sources_1/new</xilinx:tag>
        <xilinx:tag xilinx:name="ui.data.coregen.dd@48ecbe5b_ARCHIVE_LOCATION">d:/VARELA/LES_IP/Signal_Generate/Signal_Generate.srcs/sources_1/new</xilinx:tag>
        <xilinx:tag xilinx:name="ui.data.coregen.dd@98bf3c_ARCHIVE_LOCATION">d:/VARELA/LES_IP/Signal_Generate/Signal_Generate.srcs/sources_1/new</xilinx:tag>
        <xilinx:tag xilinx:name="ui.data.coregen.dd@3745a40d_ARCHIVE_LOCATION">d:/VARELA/LES_IP/Signal_Generate/Signal_Generate.srcs/sources_1/new</xilinx:tag>
        <xilinx:tag xilinx:name="ui.data.coregen.dd@34343e7c_ARCHIVE_LOCATION">d:/VARELA/LES_IP/Signal_Generate/Signal_Generate.srcs/sources_1/new</xilinx:tag>
        <xilinx:tag xilinx:name="ui.data.coregen.dd@71eda1fa_ARCHIVE_LOCATION">d:/VARELA/LES_IP/Signal_Generate/Signal_Generate.srcs/sources_1/new</xilinx:tag>
      </xilinx:tags>
    </xilinx:coreExtensions>
    <xilinx:packagingInfo>
      <xilinx:xilinxVersion>2020.2</xilinx:xilinxVersion>
      <xilinx:checksum xilinx:scope="busInterfaces" xilinx:value="a88d4390"/>
      <xilinx:checksum xilinx:scope="fileGroups" xilinx:value="e5acb99d"/>
      <xilinx:checksum xilinx:scope="ports" xilinx:value="df1eaec5"/>
      <xilinx:checksum xilinx:scope="parameters" xilinx:value="da6235d9"/>
    </xilinx:packagingInfo>
  </spirit:vendorExtensions>
</spirit:component>
