<?xml version="1.0" encoding="UTF-8" standalone="no" ?>
<ip_presets schema="1.0">
<ip_preset preset_proc_name="ps7_preset">
<ip vendor="xilinx.com" library="ip" name="processing_system7" version="*">
<user_parameters>
<user_parameter name="CONFIG.PCW_ACT_APU_PERIPHERAL_FREQMHZ" value="666.666687"/>
<user_parameter name="CONFIG.PCW_ACT_CAN_PERIPHERAL_FREQMHZ" value="10.000000"/>
<user_parameter name="CONFIG.PCW_ACT_DCI_PERIPHERAL_FREQMHZ" value="10.158730"/>
<user_parameter name="CONFIG.PCW_ACT_ENET0_PERIPHERAL_FREQMHZ" value="125.000000"/>
<user_parameter name="CONFIG.PCW_ACT_ENET1_PERIPHERAL_FREQMHZ" value="10.000000"/>
<user_parameter name="CONFIG.PCW_ACT_FPGA0_PERIPHERAL_FREQMHZ" value="50.000000"/>
<user_parameter name="CONFIG.PCW_ACT_FPGA1_PERIPHERAL_FREQMHZ" value="10.000000"/>
<user_parameter name="CONFIG.PCW_ACT_FPGA2_PERIPHERAL_FREQMHZ" value="10.000000"/>
<user_parameter name="CONFIG.PCW_ACT_FPGA3_PERIPHERAL_FREQMHZ" value="10.000000"/>
<user_parameter name="CONFIG.PCW_ACT_PCAP_PERIPHERAL_FREQMHZ" value="200.000000"/>
<user_parameter name="CONFIG.PCW_ACT_QSPI_PERIPHERAL_FREQMHZ" value="10.000000"/>
<user_parameter name="CONFIG.PCW_ACT_SDIO_PERIPHERAL_FREQMHZ" value="100.000000"/>
<user_parameter name="CONFIG.PCW_ACT_SMC_PERIPHERAL_FREQMHZ" value="10.000000"/>
<user_parameter name="CONFIG.PCW_ACT_SPI_PERIPHERAL_FREQMHZ" value="10.000000"/>
<user_parameter name="CONFIG.PCW_ACT_TPIU_PERIPHERAL_FREQMHZ" value="200.000000"/>
<user_parameter name="CONFIG.PCW_ACT_TTC0_CLK0_PERIPHERAL_FREQMHZ" value="111.111115"/>
<user_parameter name="CONFIG.PCW_ACT_TTC0_CLK1_PERIPHERAL_FREQMHZ" value="111.111115"/>
<user_parameter name="CONFIG.PCW_ACT_TTC0_CLK2_PERIPHERAL_FREQMHZ" value="111.111115"/>
<user_parameter name="CONFIG.PCW_ACT_TTC1_CLK0_PERIPHERAL_FREQMHZ" value="111.111115"/>
<user_parameter name="CONFIG.PCW_ACT_TTC1_CLK1_PERIPHERAL_FREQMHZ" value="111.111115"/>
<user_parameter name="CONFIG.PCW_ACT_TTC1_CLK2_PERIPHERAL_FREQMHZ" value="111.111115"/>
<user_parameter name="CONFIG.PCW_ACT_UART_PERIPHERAL_FREQMHZ" value="100.000000"/>
<user_parameter name="CONFIG.PCW_ACT_WDT_PERIPHERAL_FREQMHZ" value="111.111115"/>
<user_parameter name="CONFIG.PCW_ARMPLL_CTRL_FBDIV" value="40"/>
<user_parameter name="CONFIG.PCW_CAN_PERIPHERAL_DIVISOR0" value="1"/>
<user_parameter name="CONFIG.PCW_CAN_PERIPHERAL_DIVISOR1" value="1"/>
<user_parameter name="CONFIG.PCW_CLK0_FREQ" value="50000000"/>
<user_parameter name="CONFIG.PCW_CLK1_FREQ" value="10000000"/>
<user_parameter name="CONFIG.PCW_CLK2_FREQ" value="10000000"/>
<user_parameter name="CONFIG.PCW_CLK3_FREQ" value="10000000"/>
<user_parameter name="CONFIG.PCW_CPU_CPU_PLL_FREQMHZ" value="1333.333"/>
<user_parameter name="CONFIG.PCW_CPU_PERIPHERAL_DIVISOR0" value="2"/>
<user_parameter name="CONFIG.PCW_DCI_PERIPHERAL_DIVISOR0" value="15"/>
<user_parameter name="CONFIG.PCW_DCI_PERIPHERAL_DIVISOR1" value="7"/>
<user_parameter name="CONFIG.PCW_DDRPLL_CTRL_FBDIV" value="32"/>
<user_parameter name="CONFIG.PCW_DDR_DDR_PLL_FREQMHZ" value="1066.667"/>
<user_parameter name="CONFIG.PCW_DDR_PERIPHERAL_DIVISOR0" value="2"/>
<user_parameter name="CONFIG.PCW_DDR_RAM_HIGHADDR" value="0x1FFFFFFF"/>
<user_parameter name="CONFIG.PCW_ENET0_ENET0_IO" value="MIO 16 .. 27"/>
<user_parameter name="CONFIG.PCW_ENET0_GRP_MDIO_ENABLE" value="1"/>
<user_parameter name="CONFIG.PCW_ENET0_GRP_MDIO_IO" value="MIO 52 .. 53"/>
<user_parameter name="CONFIG.PCW_ENET0_PERIPHERAL_CLKSRC" value="IO PLL"/>
<user_parameter name="CONFIG.PCW_ENET0_PERIPHERAL_DIVISOR0" value="8"/>
<user_parameter name="CONFIG.PCW_ENET0_PERIPHERAL_DIVISOR1" value="1"/>
<user_parameter name="CONFIG.PCW_ENET0_PERIPHERAL_ENABLE" value="1"/>
<user_parameter name="CONFIG.PCW_ENET0_PERIPHERAL_FREQMHZ" value="1000 Mbps"/>
<user_parameter name="CONFIG.PCW_ENET0_RESET_ENABLE" value="0"/>
<user_parameter name="CONFIG.PCW_ENET1_PERIPHERAL_DIVISOR0" value="1"/>
<user_parameter name="CONFIG.PCW_ENET1_PERIPHERAL_DIVISOR1" value="1"/>
<user_parameter name="CONFIG.PCW_ENET1_RESET_ENABLE" value="0"/>
<user_parameter name="CONFIG.PCW_ENET_RESET_ENABLE" value="1"/>
<user_parameter name="CONFIG.PCW_ENET_RESET_SELECT" value="Share reset pin"/>
<user_parameter name="CONFIG.PCW_EN_CLK1_PORT" value="0"/>
<user_parameter name="CONFIG.PCW_EN_CLK2_PORT" value="0"/>
<user_parameter name="CONFIG.PCW_EN_CLK3_PORT" value="0"/>
<user_parameter name="CONFIG.PCW_EN_EMIO_GPIO" value="0"/>
<user_parameter name="CONFIG.PCW_EN_EMIO_SPI0" value="0"/>
<user_parameter name="CONFIG.PCW_EN_EMIO_SPI1" value="0"/>
<user_parameter name="CONFIG.PCW_EN_EMIO_TTC0" value="0"/>
<user_parameter name="CONFIG.PCW_EN_EMIO_UART0" value="0"/>
<user_parameter name="CONFIG.PCW_EN_ENET0" value="1"/>
<user_parameter name="CONFIG.PCW_EN_GPIO" value="1"/>
<user_parameter name="CONFIG.PCW_EN_I2C0" value="0"/>
<user_parameter name="CONFIG.PCW_EN_QSPI" value="0"/>
<user_parameter name="CONFIG.PCW_EN_RST1_PORT" value="0"/>
<user_parameter name="CONFIG.PCW_EN_RST2_PORT" value="0"/>
<user_parameter name="CONFIG.PCW_EN_RST3_PORT" value="0"/>
<user_parameter name="CONFIG.PCW_EN_SDIO0" value="1"/>
<user_parameter name="CONFIG.PCW_EN_SPI0" value="0"/>
<user_parameter name="CONFIG.PCW_EN_SPI1" value="0"/>
<user_parameter name="CONFIG.PCW_EN_TTC0" value="0"/>
<user_parameter name="CONFIG.PCW_EN_UART0" value="1"/>
<user_parameter name="CONFIG.PCW_EN_UART1" value="0"/>
<user_parameter name="CONFIG.PCW_EN_USB0" value="1"/>
<user_parameter name="CONFIG.PCW_FCLK0_PERIPHERAL_DIVISOR0" value="5"/>
<user_parameter name="CONFIG.PCW_FCLK0_PERIPHERAL_DIVISOR1" value="4"/>
<user_parameter name="CONFIG.PCW_FCLK1_PERIPHERAL_DIVISOR0" value="1"/>
<user_parameter name="CONFIG.PCW_FCLK1_PERIPHERAL_DIVISOR1" value="1"/>
<user_parameter name="CONFIG.PCW_FCLK2_PERIPHERAL_DIVISOR0" value="1"/>
<user_parameter name="CONFIG.PCW_FCLK2_PERIPHERAL_DIVISOR1" value="1"/>
<user_parameter name="CONFIG.PCW_FCLK3_PERIPHERAL_DIVISOR0" value="1"/>
<user_parameter name="CONFIG.PCW_FCLK3_PERIPHERAL_DIVISOR1" value="1"/>
<user_parameter name="CONFIG.PCW_FCLK_CLK1_BUF" value="FALSE"/>
<user_parameter name="CONFIG.PCW_FCLK_CLK2_BUF" value="FALSE"/>
<user_parameter name="CONFIG.PCW_FCLK_CLK3_BUF" value="FALSE"/>
<user_parameter name="CONFIG.PCW_FPGA0_PERIPHERAL_FREQMHZ" value="50"/>
<user_parameter name="CONFIG.PCW_FPGA1_PERIPHERAL_FREQMHZ" value="50"/>
<user_parameter name="CONFIG.PCW_FPGA3_PERIPHERAL_FREQMHZ" value="50"/>
<user_parameter name="CONFIG.PCW_FPGA_FCLK0_ENABLE" value="1"/>
<user_parameter name="CONFIG.PCW_FPGA_FCLK1_ENABLE" value="0"/>
<user_parameter name="CONFIG.PCW_FPGA_FCLK2_ENABLE" value="0"/>
<user_parameter name="CONFIG.PCW_FPGA_FCLK3_ENABLE" value="0"/>
<user_parameter name="CONFIG.PCW_GPIO_EMIO_GPIO_ENABLE" value="0"/>
<user_parameter name="CONFIG.PCW_GPIO_EMIO_GPIO_WIDTH" value="64"/>
<user_parameter name="CONFIG.PCW_GPIO_MIO_GPIO_ENABLE" value="1"/>
<user_parameter name="CONFIG.PCW_GPIO_MIO_GPIO_IO" value="MIO"/>
<user_parameter name="CONFIG.PCW_I2C0_GRP_INT_ENABLE" value="0"/>
<user_parameter name="CONFIG.PCW_I2C0_PERIPHERAL_ENABLE" value="0"/>
<user_parameter name="CONFIG.PCW_I2C0_RESET_ENABLE" value="0"/>
<user_parameter name="CONFIG.PCW_I2C1_RESET_ENABLE" value="0"/>
<user_parameter name="CONFIG.PCW_I2C_PERIPHERAL_FREQMHZ" value="25"/>
<user_parameter name="CONFIG.PCW_I2C_RESET_ENABLE" value="1"/>
<user_parameter name="CONFIG.PCW_IOPLL_CTRL_FBDIV" value="30"/>
<user_parameter name="CONFIG.PCW_IO_IO_PLL_FREQMHZ" value="1000.000"/>
<user_parameter name="CONFIG.PCW_IRQ_F2P_INTR" value="1"/>
<user_parameter name="CONFIG.PCW_MIO_0_DIRECTION" value="inout"/>
<user_parameter name="CONFIG.PCW_MIO_0_IOTYPE" value="LVCMOS 3.3V"/>
<user_parameter name="CONFIG.PCW_MIO_0_PULLUP" value="enabled"/>
<user_parameter name="CONFIG.PCW_MIO_0_SLEW" value="slow"/>
<user_parameter name="CONFIG.PCW_MIO_10_DIRECTION" value="inout"/>
<user_parameter name="CONFIG.PCW_MIO_10_IOTYPE" value="LVCMOS 3.3V"/>
<user_parameter name="CONFIG.PCW_MIO_10_PULLUP" value="enabled"/>
<user_parameter name="CONFIG.PCW_MIO_10_SLEW" value="slow"/>
<user_parameter name="CONFIG.PCW_MIO_11_DIRECTION" value="inout"/>
<user_parameter name="CONFIG.PCW_MIO_11_IOTYPE" value="LVCMOS 3.3V"/>
<user_parameter name="CONFIG.PCW_MIO_11_PULLUP" value="enabled"/>
<user_parameter name="CONFIG.PCW_MIO_11_SLEW" value="slow"/>
<user_parameter name="CONFIG.PCW_MIO_12_DIRECTION" value="inout"/>
<user_parameter name="CONFIG.PCW_MIO_12_IOTYPE" value="LVCMOS 3.3V"/>
<user_parameter name="CONFIG.PCW_MIO_12_PULLUP" value="enabled"/>
<user_parameter name="CONFIG.PCW_MIO_12_SLEW" value="slow"/>
<user_parameter name="CONFIG.PCW_MIO_13_DIRECTION" value="inout"/>
<user_parameter name="CONFIG.PCW_MIO_13_IOTYPE" value="LVCMOS 3.3V"/>
<user_parameter name="CONFIG.PCW_MIO_13_PULLUP" value="enabled"/>
<user_parameter name="CONFIG.PCW_MIO_13_SLEW" value="slow"/>
<user_parameter name="CONFIG.PCW_MIO_14_DIRECTION" value="in"/>
<user_parameter name="CONFIG.PCW_MIO_14_IOTYPE" value="LVCMOS 3.3V"/>
<user_parameter name="CONFIG.PCW_MIO_14_PULLUP" value="enabled"/>
<user_parameter name="CONFIG.PCW_MIO_14_SLEW" value="slow"/>
<user_parameter name="CONFIG.PCW_MIO_15_DIRECTION" value="out"/>
<user_parameter name="CONFIG.PCW_MIO_15_IOTYPE" value="LVCMOS 3.3V"/>
<user_parameter name="CONFIG.PCW_MIO_15_PULLUP" value="enabled"/>
<user_parameter name="CONFIG.PCW_MIO_15_SLEW" value="slow"/>
<user_parameter name="CONFIG.PCW_MIO_16_DIRECTION" value="out"/>
<user_parameter name="CONFIG.PCW_MIO_16_IOTYPE" value="LVCMOS 2.5V"/>
<user_parameter name="CONFIG.PCW_MIO_16_PULLUP" value="disabled"/>
<user_parameter name="CONFIG.PCW_MIO_16_SLEW" value="fast"/>
<user_parameter name="CONFIG.PCW_MIO_17_DIRECTION" value="out"/>
<user_parameter name="CONFIG.PCW_MIO_17_IOTYPE" value="LVCMOS 2.5V"/>
<user_parameter name="CONFIG.PCW_MIO_17_PULLUP" value="disabled"/>
<user_parameter name="CONFIG.PCW_MIO_17_SLEW" value="fast"/>
<user_parameter name="CONFIG.PCW_MIO_18_DIRECTION" value="out"/>
<user_parameter name="CONFIG.PCW_MIO_18_IOTYPE" value="LVCMOS 2.5V"/>
<user_parameter name="CONFIG.PCW_MIO_18_PULLUP" value="disabled"/>
<user_parameter name="CONFIG.PCW_MIO_18_SLEW" value="fast"/>
<user_parameter name="CONFIG.PCW_MIO_19_DIRECTION" value="out"/>
<user_parameter name="CONFIG.PCW_MIO_19_IOTYPE" value="LVCMOS 2.5V"/>
<user_parameter name="CONFIG.PCW_MIO_19_PULLUP" value="disabled"/>
<user_parameter name="CONFIG.PCW_MIO_19_SLEW" value="fast"/>
<user_parameter name="CONFIG.PCW_MIO_1_DIRECTION" value="inout"/>
<user_parameter name="CONFIG.PCW_MIO_1_IOTYPE" value="LVCMOS 3.3V"/>
<user_parameter name="CONFIG.PCW_MIO_1_PULLUP" value="enabled"/>
<user_parameter name="CONFIG.PCW_MIO_1_SLEW" value="slow"/>
<user_parameter name="CONFIG.PCW_MIO_20_DIRECTION" value="out"/>
<user_parameter name="CONFIG.PCW_MIO_20_IOTYPE" value="LVCMOS 2.5V"/>
<user_parameter name="CONFIG.PCW_MIO_20_PULLUP" value="disabled"/>
<user_parameter name="CONFIG.PCW_MIO_20_SLEW" value="fast"/>
<user_parameter name="CONFIG.PCW_MIO_21_DIRECTION" value="out"/>
<user_parameter name="CONFIG.PCW_MIO_21_IOTYPE" value="LVCMOS 2.5V"/>
<user_parameter name="CONFIG.PCW_MIO_21_PULLUP" value="disabled"/>
<user_parameter name="CONFIG.PCW_MIO_21_SLEW" value="fast"/>
<user_parameter name="CONFIG.PCW_MIO_22_DIRECTION" value="in"/>
<user_parameter name="CONFIG.PCW_MIO_22_IOTYPE" value="LVCMOS 2.5V"/>
<user_parameter name="CONFIG.PCW_MIO_22_PULLUP" value="disabled"/>
<user_parameter name="CONFIG.PCW_MIO_22_SLEW" value="fast"/>
<user_parameter name="CONFIG.PCW_MIO_23_DIRECTION" value="in"/>
<user_parameter name="CONFIG.PCW_MIO_23_IOTYPE" value="LVCMOS 2.5V"/>
<user_parameter name="CONFIG.PCW_MIO_23_PULLUP" value="disabled"/>
<user_parameter name="CONFIG.PCW_MIO_23_SLEW" value="fast"/>
<user_parameter name="CONFIG.PCW_MIO_24_DIRECTION" value="in"/>
<user_parameter name="CONFIG.PCW_MIO_24_IOTYPE" value="LVCMOS 2.5V"/>
<user_parameter name="CONFIG.PCW_MIO_24_PULLUP" value="disabled"/>
<user_parameter name="CONFIG.PCW_MIO_24_SLEW" value="fast"/>
<user_parameter name="CONFIG.PCW_MIO_25_DIRECTION" value="in"/>
<user_parameter name="CONFIG.PCW_MIO_25_IOTYPE" value="LVCMOS 2.5V"/>
<user_parameter name="CONFIG.PCW_MIO_25_PULLUP" value="disabled"/>
<user_parameter name="CONFIG.PCW_MIO_25_SLEW" value="fast"/>
<user_parameter name="CONFIG.PCW_MIO_26_DIRECTION" value="in"/>
<user_parameter name="CONFIG.PCW_MIO_26_IOTYPE" value="LVCMOS 2.5V"/>
<user_parameter name="CONFIG.PCW_MIO_26_PULLUP" value="disabled"/>
<user_parameter name="CONFIG.PCW_MIO_26_SLEW" value="fast"/>
<user_parameter name="CONFIG.PCW_MIO_27_DIRECTION" value="in"/>
<user_parameter name="CONFIG.PCW_MIO_27_IOTYPE" value="LVCMOS 2.5V"/>
<user_parameter name="CONFIG.PCW_MIO_27_PULLUP" value="disabled"/>
<user_parameter name="CONFIG.PCW_MIO_27_SLEW" value="fast"/>
<user_parameter name="CONFIG.PCW_MIO_28_DIRECTION" value="inout"/>
<user_parameter name="CONFIG.PCW_MIO_28_IOTYPE" value="LVCMOS 2.5V"/>
<user_parameter name="CONFIG.PCW_MIO_28_PULLUP" value="disabled"/>
<user_parameter name="CONFIG.PCW_MIO_28_SLEW" value="fast"/>
<user_parameter name="CONFIG.PCW_MIO_29_DIRECTION" value="in"/>
<user_parameter name="CONFIG.PCW_MIO_29_IOTYPE" value="LVCMOS 2.5V"/>
<user_parameter name="CONFIG.PCW_MIO_29_PULLUP" value="disabled"/>
<user_parameter name="CONFIG.PCW_MIO_29_SLEW" value="fast"/>
<user_parameter name="CONFIG.PCW_MIO_2_DIRECTION" value="inout"/>
<user_parameter name="CONFIG.PCW_MIO_2_IOTYPE" value="LVCMOS 3.3V"/>
<user_parameter name="CONFIG.PCW_MIO_2_PULLUP" value="disabled"/>
<user_parameter name="CONFIG.PCW_MIO_2_SLEW" value="slow"/>
<user_parameter name="CONFIG.PCW_MIO_30_DIRECTION" value="out"/>
<user_parameter name="CONFIG.PCW_MIO_30_IOTYPE" value="LVCMOS 2.5V"/>
<user_parameter name="CONFIG.PCW_MIO_30_PULLUP" value="disabled"/>
<user_parameter name="CONFIG.PCW_MIO_30_SLEW" value="fast"/>
<user_parameter name="CONFIG.PCW_MIO_31_DIRECTION" value="in"/>
<user_parameter name="CONFIG.PCW_MIO_31_IOTYPE" value="LVCMOS 2.5V"/>
<user_parameter name="CONFIG.PCW_MIO_31_PULLUP" value="disabled"/>
<user_parameter name="CONFIG.PCW_MIO_31_SLEW" value="fast"/>
<user_parameter name="CONFIG.PCW_MIO_32_DIRECTION" value="inout"/>
<user_parameter name="CONFIG.PCW_MIO_32_IOTYPE" value="LVCMOS 2.5V"/>
<user_parameter name="CONFIG.PCW_MIO_32_PULLUP" value="disabled"/>
<user_parameter name="CONFIG.PCW_MIO_32_SLEW" value="fast"/>
<user_parameter name="CONFIG.PCW_MIO_33_DIRECTION" value="inout"/>
<user_parameter name="CONFIG.PCW_MIO_33_IOTYPE" value="LVCMOS 2.5V"/>
<user_parameter name="CONFIG.PCW_MIO_33_PULLUP" value="disabled"/>
<user_parameter name="CONFIG.PCW_MIO_33_SLEW" value="fast"/>
<user_parameter name="CONFIG.PCW_MIO_34_DIRECTION" value="inout"/>
<user_parameter name="CONFIG.PCW_MIO_34_IOTYPE" value="LVCMOS 2.5V"/>
<user_parameter name="CONFIG.PCW_MIO_34_PULLUP" value="disabled"/>
<user_parameter name="CONFIG.PCW_MIO_34_SLEW" value="fast"/>
<user_parameter name="CONFIG.PCW_MIO_35_DIRECTION" value="inout"/>
<user_parameter name="CONFIG.PCW_MIO_35_IOTYPE" value="LVCMOS 2.5V"/>
<user_parameter name="CONFIG.PCW_MIO_35_PULLUP" value="disabled"/>
<user_parameter name="CONFIG.PCW_MIO_35_SLEW" value="fast"/>
<user_parameter name="CONFIG.PCW_MIO_36_DIRECTION" value="in"/>
<user_parameter name="CONFIG.PCW_MIO_36_IOTYPE" value="LVCMOS 2.5V"/>
<user_parameter name="CONFIG.PCW_MIO_36_PULLUP" value="disabled"/>
<user_parameter name="CONFIG.PCW_MIO_36_SLEW" value="fast"/>
<user_parameter name="CONFIG.PCW_MIO_37_DIRECTION" value="inout"/>
<user_parameter name="CONFIG.PCW_MIO_37_IOTYPE" value="LVCMOS 2.5V"/>
<user_parameter name="CONFIG.PCW_MIO_37_PULLUP" value="disabled"/>
<user_parameter name="CONFIG.PCW_MIO_37_SLEW" value="fast"/>
<user_parameter name="CONFIG.PCW_MIO_38_DIRECTION" value="inout"/>
<user_parameter name="CONFIG.PCW_MIO_38_IOTYPE" value="LVCMOS 2.5V"/>
<user_parameter name="CONFIG.PCW_MIO_38_PULLUP" value="disabled"/>
<user_parameter name="CONFIG.PCW_MIO_38_SLEW" value="fast"/>
<user_parameter name="CONFIG.PCW_MIO_39_DIRECTION" value="inout"/>
<user_parameter name="CONFIG.PCW_MIO_39_IOTYPE" value="LVCMOS 2.5V"/>
<user_parameter name="CONFIG.PCW_MIO_39_PULLUP" value="disabled"/>
<user_parameter name="CONFIG.PCW_MIO_39_SLEW" value="fast"/>
<user_parameter name="CONFIG.PCW_MIO_3_DIRECTION" value="inout"/>
<user_parameter name="CONFIG.PCW_MIO_3_IOTYPE" value="LVCMOS 3.3V"/>
<user_parameter name="CONFIG.PCW_MIO_3_PULLUP" value="disabled"/>
<user_parameter name="CONFIG.PCW_MIO_3_SLEW" value="slow"/>
<user_parameter name="CONFIG.PCW_MIO_40_DIRECTION" value="inout"/>
<user_parameter name="CONFIG.PCW_MIO_40_IOTYPE" value="LVCMOS 2.5V"/>
<user_parameter name="CONFIG.PCW_MIO_40_PULLUP" value="enabled"/>
<user_parameter name="CONFIG.PCW_MIO_40_SLEW" value="slow"/>
<user_parameter name="CONFIG.PCW_MIO_41_DIRECTION" value="inout"/>
<user_parameter name="CONFIG.PCW_MIO_41_IOTYPE" value="LVCMOS 2.5V"/>
<user_parameter name="CONFIG.PCW_MIO_41_PULLUP" value="enabled"/>
<user_parameter name="CONFIG.PCW_MIO_41_SLEW" value="slow"/>
<user_parameter name="CONFIG.PCW_MIO_42_DIRECTION" value="inout"/>
<user_parameter name="CONFIG.PCW_MIO_42_IOTYPE" value="LVCMOS 2.5V"/>
<user_parameter name="CONFIG.PCW_MIO_42_PULLUP" value="enabled"/>
<user_parameter name="CONFIG.PCW_MIO_42_SLEW" value="slow"/>
<user_parameter name="CONFIG.PCW_MIO_43_DIRECTION" value="inout"/>
<user_parameter name="CONFIG.PCW_MIO_43_IOTYPE" value="LVCMOS 2.5V"/>
<user_parameter name="CONFIG.PCW_MIO_43_PULLUP" value="enabled"/>
<user_parameter name="CONFIG.PCW_MIO_43_SLEW" value="slow"/>
<user_parameter name="CONFIG.PCW_MIO_44_DIRECTION" value="inout"/>
<user_parameter name="CONFIG.PCW_MIO_44_IOTYPE" value="LVCMOS 2.5V"/>
<user_parameter name="CONFIG.PCW_MIO_44_PULLUP" value="enabled"/>
<user_parameter name="CONFIG.PCW_MIO_44_SLEW" value="slow"/>
<user_parameter name="CONFIG.PCW_MIO_45_DIRECTION" value="inout"/>
<user_parameter name="CONFIG.PCW_MIO_45_IOTYPE" value="LVCMOS 2.5V"/>
<user_parameter name="CONFIG.PCW_MIO_45_PULLUP" value="enabled"/>
<user_parameter name="CONFIG.PCW_MIO_45_SLEW" value="slow"/>
<user_parameter name="CONFIG.PCW_MIO_46_DIRECTION" value="in"/>
<user_parameter name="CONFIG.PCW_MIO_46_IOTYPE" value="LVCMOS 2.5V"/>
<user_parameter name="CONFIG.PCW_MIO_46_PULLUP" value="enabled"/>
<user_parameter name="CONFIG.PCW_MIO_46_SLEW" value="slow"/>
<user_parameter name="CONFIG.PCW_MIO_47_DIRECTION" value="in"/>
<user_parameter name="CONFIG.PCW_MIO_47_IOTYPE" value="LVCMOS 2.5V"/>
<user_parameter name="CONFIG.PCW_MIO_47_PULLUP" value="enabled"/>
<user_parameter name="CONFIG.PCW_MIO_47_SLEW" value="slow"/>
<user_parameter name="CONFIG.PCW_MIO_48_DIRECTION" value="out"/>
<user_parameter name="CONFIG.PCW_MIO_48_IOTYPE" value="LVCMOS 2.5V"/>
<user_parameter name="CONFIG.PCW_MIO_48_PULLUP" value="enabled"/>
<user_parameter name="CONFIG.PCW_MIO_48_SLEW" value="slow"/>
<user_parameter name="CONFIG.PCW_MIO_49_DIRECTION" value="inout"/>
<user_parameter name="CONFIG.PCW_MIO_49_IOTYPE" value="LVCMOS 2.5V"/>
<user_parameter name="CONFIG.PCW_MIO_49_PULLUP" value="enabled"/>
<user_parameter name="CONFIG.PCW_MIO_49_SLEW" value="slow"/>
<user_parameter name="CONFIG.PCW_MIO_4_DIRECTION" value="inout"/>
<user_parameter name="CONFIG.PCW_MIO_4_IOTYPE" value="LVCMOS 3.3V"/>
<user_parameter name="CONFIG.PCW_MIO_4_PULLUP" value="disabled"/>
<user_parameter name="CONFIG.PCW_MIO_4_SLEW" value="slow"/>
<user_parameter name="CONFIG.PCW_MIO_50_DIRECTION" value="inout"/>
<user_parameter name="CONFIG.PCW_MIO_50_IOTYPE" value="LVCMOS 2.5V"/>
<user_parameter name="CONFIG.PCW_MIO_50_PULLUP" value="enabled"/>
<user_parameter name="CONFIG.PCW_MIO_50_SLEW" value="slow"/>
<user_parameter name="CONFIG.PCW_MIO_51_DIRECTION" value="inout"/>
<user_parameter name="CONFIG.PCW_MIO_51_IOTYPE" value="LVCMOS 2.5V"/>
<user_parameter name="CONFIG.PCW_MIO_51_PULLUP" value="enabled"/>
<user_parameter name="CONFIG.PCW_MIO_51_SLEW" value="slow"/>
<user_parameter name="CONFIG.PCW_MIO_52_DIRECTION" value="out"/>
<user_parameter name="CONFIG.PCW_MIO_52_IOTYPE" value="LVCMOS 2.5V"/>
<user_parameter name="CONFIG.PCW_MIO_52_PULLUP" value="enabled"/>
<user_parameter name="CONFIG.PCW_MIO_52_SLEW" value="slow"/>
<user_parameter name="CONFIG.PCW_MIO_53_DIRECTION" value="inout"/>
<user_parameter name="CONFIG.PCW_MIO_53_IOTYPE" value="LVCMOS 2.5V"/>
<user_parameter name="CONFIG.PCW_MIO_53_PULLUP" value="enabled"/>
<user_parameter name="CONFIG.PCW_MIO_53_SLEW" value="slow"/>
<user_parameter name="CONFIG.PCW_MIO_5_DIRECTION" value="inout"/>
<user_parameter name="CONFIG.PCW_MIO_5_IOTYPE" value="LVCMOS 3.3V"/>
<user_parameter name="CONFIG.PCW_MIO_5_PULLUP" value="disabled"/>
<user_parameter name="CONFIG.PCW_MIO_5_SLEW" value="slow"/>
<user_parameter name="CONFIG.PCW_MIO_6_DIRECTION" value="inout"/>
<user_parameter name="CONFIG.PCW_MIO_6_IOTYPE" value="LVCMOS 3.3V"/>
<user_parameter name="CONFIG.PCW_MIO_6_PULLUP" value="disabled"/>
<user_parameter name="CONFIG.PCW_MIO_6_SLEW" value="slow"/>
<user_parameter name="CONFIG.PCW_MIO_7_DIRECTION" value="out"/>
<user_parameter name="CONFIG.PCW_MIO_7_IOTYPE" value="LVCMOS 3.3V"/>
<user_parameter name="CONFIG.PCW_MIO_7_PULLUP" value="disabled"/>
<user_parameter name="CONFIG.PCW_MIO_7_SLEW" value="slow"/>
<user_parameter name="CONFIG.PCW_MIO_8_DIRECTION" value="out"/>
<user_parameter name="CONFIG.PCW_MIO_8_IOTYPE" value="LVCMOS 3.3V"/>
<user_parameter name="CONFIG.PCW_MIO_8_PULLUP" value="disabled"/>
<user_parameter name="CONFIG.PCW_MIO_8_SLEW" value="slow"/>
<user_parameter name="CONFIG.PCW_MIO_9_DIRECTION" value="inout"/>
<user_parameter name="CONFIG.PCW_MIO_9_IOTYPE" value="LVCMOS 3.3V"/>
<user_parameter name="CONFIG.PCW_MIO_9_PULLUP" value="enabled"/>
<user_parameter name="CONFIG.PCW_MIO_9_SLEW" value="slow"/>
<user_parameter name="CONFIG.PCW_MIO_TREE_PERIPHERALS" value="GPIO#GPIO#GPIO#GPIO#GPIO#GPIO#GPIO#GPIO#GPIO#GPIO#GPIO#GPIO#GPIO#GPIO#UART 0#UART 0#Enet 0#Enet 0#Enet 0#Enet 0#Enet 0#Enet 0#Enet 0#Enet 0#Enet 0#Enet 0#Enet 0#Enet 0#USB 0#USB 0#USB 0#USB 0#USB 0#USB 0#USB 0#USB 0#USB 0#USB 0#USB 0#USB 0#SD 0#SD 0#SD 0#SD 0#SD 0#SD 0#SD 0#SD 0#USB Reset#GPIO#GPIO#GPIO#Enet 0#Enet 0"/>
<user_parameter name="CONFIG.PCW_MIO_TREE_SIGNALS" value="gpio[0]#gpio[1]#gpio[2]#gpio[3]#gpio[4]#gpio[5]#gpio[6]#gpio[7]#gpio[8]#gpio[9]#gpio[10]#gpio[11]#gpio[12]#gpio[13]#rx#tx#tx_clk#txd[0]#txd[1]#txd[2]#txd[3]#tx_ctl#rx_clk#rxd[0]#rxd[1]#rxd[2]#rxd[3]#rx_ctl#data[4]#dir#stp#nxt#data[0]#data[1]#data[2]#data[3]#clk#data[5]#data[6]#data[7]#clk#cmd#data[0]#data[1]#data[2]#data[3]#cd#wp#reset#gpio[49]#gpio[50]#gpio[51]#mdc#mdio"/>
<user_parameter name="CONFIG.PCW_NAND_GRP_D8_ENABLE" value="0"/>
<user_parameter name="CONFIG.PCW_NAND_PERIPHERAL_ENABLE" value="0"/>
<user_parameter name="CONFIG.PCW_NOR_GRP_A25_ENABLE" value="0"/>
<user_parameter name="CONFIG.PCW_NOR_GRP_CS0_ENABLE" value="0"/>
<user_parameter name="CONFIG.PCW_NOR_GRP_CS1_ENABLE" value="0"/>
<user_parameter name="CONFIG.PCW_NOR_GRP_SRAM_CS0_ENABLE" value="0"/>
<user_parameter name="CONFIG.PCW_NOR_GRP_SRAM_CS1_ENABLE" value="0"/>
<user_parameter name="CONFIG.PCW_NOR_GRP_SRAM_INT_ENABLE" value="0"/>
<user_parameter name="CONFIG.PCW_NOR_PERIPHERAL_ENABLE" value="0"/>
<user_parameter name="CONFIG.PCW_PCAP_PERIPHERAL_DIVISOR0" value="5"/>
<user_parameter name="CONFIG.PCW_PRESET_BANK1_VOLTAGE" value="LVCMOS 2.5V"/>
<user_parameter name="CONFIG.PCW_QSPI_GRP_FBCLK_ENABLE" value="0"/>
<user_parameter name="CONFIG.PCW_QSPI_GRP_IO1_ENABLE" value="0"/>
<user_parameter name="CONFIG.PCW_QSPI_GRP_SINGLE_SS_ENABLE" value="0"/>
<user_parameter name="CONFIG.PCW_QSPI_GRP_SS1_ENABLE" value="0"/>
<user_parameter name="CONFIG.PCW_QSPI_PERIPHERAL_CLKSRC" value="IO PLL"/>
<user_parameter name="CONFIG.PCW_QSPI_PERIPHERAL_DIVISOR0" value="1"/>
<user_parameter name="CONFIG.PCW_QSPI_PERIPHERAL_ENABLE" value="0"/>
<user_parameter name="CONFIG.PCW_QSPI_PERIPHERAL_FREQMHZ" value="200"/>
<user_parameter name="CONFIG.PCW_SD0_GRP_CD_ENABLE" value="1"/>
<user_parameter name="CONFIG.PCW_SD0_GRP_CD_IO" value="MIO 46"/>
<user_parameter name="CONFIG.PCW_SD0_GRP_POW_ENABLE" value="0"/>
<user_parameter name="CONFIG.PCW_SD0_GRP_WP_ENABLE" value="1"/>
<user_parameter name="CONFIG.PCW_SD0_GRP_WP_IO" value="MIO 47"/>
<user_parameter name="CONFIG.PCW_SD0_PERIPHERAL_ENABLE" value="1"/>
<user_parameter name="CONFIG.PCW_SD0_SD0_IO" value="MIO 40 .. 45"/>
<user_parameter name="CONFIG.PCW_SDIO_PERIPHERAL_DIVISOR0" value="10"/>
<user_parameter name="CONFIG.PCW_SDIO_PERIPHERAL_FREQMHZ" value="100"/>
<user_parameter name="CONFIG.PCW_SDIO_PERIPHERAL_VALID" value="1"/>
<user_parameter name="CONFIG.PCW_SMC_PERIPHERAL_DIVISOR0" value="1"/>
<user_parameter name="CONFIG.PCW_SPI0_GRP_SS0_ENABLE" value="0"/>
<user_parameter name="CONFIG.PCW_SPI0_GRP_SS1_ENABLE" value="0"/>
<user_parameter name="CONFIG.PCW_SPI0_GRP_SS2_ENABLE" value="0"/>
<user_parameter name="CONFIG.PCW_SPI0_PERIPHERAL_ENABLE" value="0"/>
<user_parameter name="CONFIG.PCW_SPI1_GRP_SS0_ENABLE" value="0"/>
<user_parameter name="CONFIG.PCW_SPI1_GRP_SS1_ENABLE" value="0"/>
<user_parameter name="CONFIG.PCW_SPI1_GRP_SS2_ENABLE" value="0"/>
<user_parameter name="CONFIG.PCW_SPI1_PERIPHERAL_ENABLE" value="0"/>
<user_parameter name="CONFIG.PCW_SPI_PERIPHERAL_DIVISOR0" value="1"/>
<user_parameter name="CONFIG.PCW_SPI_PERIPHERAL_FREQMHZ" value="200"/>
<user_parameter name="CONFIG.PCW_SPI_PERIPHERAL_VALID" value="0"/>
<user_parameter name="CONFIG.PCW_TPIU_PERIPHERAL_DIVISOR0" value="1"/>
<user_parameter name="CONFIG.PCW_TTC0_CLK0_PERIPHERAL_FREQMHZ" value="133.333333"/>
<user_parameter name="CONFIG.PCW_TTC0_CLK1_PERIPHERAL_FREQMHZ" value="133.333333"/>
<user_parameter name="CONFIG.PCW_TTC0_CLK2_PERIPHERAL_FREQMHZ" value="133.333333"/>
<user_parameter name="CONFIG.PCW_TTC0_PERIPHERAL_ENABLE" value="0"/>
<user_parameter name="CONFIG.PCW_TTC_PERIPHERAL_FREQMHZ" value="50"/>
<user_parameter name="CONFIG.PCW_UART0_GRP_FULL_ENABLE" value="0"/>
<user_parameter name="CONFIG.PCW_UART0_PERIPHERAL_ENABLE" value="1"/>
<user_parameter name="CONFIG.PCW_UART0_UART0_IO" value="MIO 14 .. 15"/>
<user_parameter name="CONFIG.PCW_UART1_GRP_FULL_ENABLE" value="0"/>
<user_parameter name="CONFIG.PCW_UART1_PERIPHERAL_ENABLE" value="0"/>
<user_parameter name="CONFIG.PCW_UART_PERIPHERAL_DIVISOR0" value="10"/>
<user_parameter name="CONFIG.PCW_UART_PERIPHERAL_FREQMHZ" value="100"/>
<user_parameter name="CONFIG.PCW_UART_PERIPHERAL_VALID" value="1"/>
<user_parameter name="CONFIG.PCW_UIPARAM_ACT_DDR_FREQ_MHZ" value="533.333374"/>
<user_parameter name="CONFIG.PCW_UIPARAM_DDR_BANK_ADDR_COUNT" value="3"/>
<user_parameter name="CONFIG.PCW_UIPARAM_DDR_BUS_WIDTH" value="16 Bit"/>
<user_parameter name="CONFIG.PCW_UIPARAM_DDR_CL" value="7"/>
<user_parameter name="CONFIG.PCW_UIPARAM_DDR_COL_ADDR_COUNT" value="10"/>
<user_parameter name="CONFIG.PCW_UIPARAM_DDR_CWL" value="6"/>
<user_parameter name="CONFIG.PCW_UIPARAM_DDR_DEVICE_CAPACITY" value="4096 MBits"/>
<user_parameter name="CONFIG.PCW_UIPARAM_DDR_DRAM_WIDTH" value="16 Bits"/>
<user_parameter name="CONFIG.PCW_UIPARAM_DDR_ECC" value="Disabled"/>
<user_parameter name="CONFIG.PCW_UIPARAM_DDR_PARTNO" value="MT41J256M16 RE-125"/>
<user_parameter name="CONFIG.PCW_UIPARAM_DDR_ROW_ADDR_COUNT" value="15"/>
<user_parameter name="CONFIG.PCW_UIPARAM_DDR_SPEED_BIN" value="DDR3_1066F"/>
<user_parameter name="CONFIG.PCW_UIPARAM_DDR_T_FAW" value="40.0"/>
<user_parameter name="CONFIG.PCW_UIPARAM_DDR_T_RAS_MIN" value="35.0"/>
<user_parameter name="CONFIG.PCW_UIPARAM_DDR_T_RC" value="48.91"/>
<user_parameter name="CONFIG.PCW_UIPARAM_DDR_T_RCD" value="7"/>
<user_parameter name="CONFIG.PCW_UIPARAM_DDR_T_RP" value="7"/>
<user_parameter name="CONFIG.PCW_USB0_PERIPHERAL_ENABLE" value="1"/>
<user_parameter name="CONFIG.PCW_USB0_PERIPHERAL_FREQMHZ" value="60"/>
<user_parameter name="CONFIG.PCW_USB0_RESET_ENABLE" value="1"/>
<user_parameter name="CONFIG.PCW_USB0_RESET_IO" value="MIO 48"/>
<user_parameter name="CONFIG.PCW_USB0_USB0_IO" value="MIO 28 .. 39"/>
<user_parameter name="CONFIG.PCW_USB1_RESET_ENABLE" value="0"/>
<user_parameter name="CONFIG.PCW_USB_RESET_ENABLE" value="1"/>
<user_parameter name="CONFIG.PCW_USB_RESET_SELECT" value="Share reset pin"/>
<user_parameter name="CONFIG.PCW_USE_FABRIC_INTERRUPT" value="0"/>
<user_parameter name="CONFIG.PCW_USE_M_AXI_GP1" value="0"/>
<user_parameter name="CONFIG.PCW_USE_S_AXI_HP0" value="0"/>
<user_parameter name="CONFIG.PCW_USE_S_AXI_HP1" value="0"/>
</user_parameters>
</ip>
</ip_preset>
</ip_presets>
