<?xml version="1.0" encoding="UTF-8"?>
<spirit:component xmlns:xilinx="http://www.xilinx.com" xmlns:spirit="http://www.spiritconsortium.org/XMLSchema/SPIRIT/1685-2009" xmlns:xsi="http://www.w3.org/2001/XMLSchema-instance">
  <spirit:vendor>cemes.fr</spirit:vendor>
  <spirit:library>user</spirit:library>
  <spirit:name>clk_div</spirit:name>
  <spirit:version>1.0</spirit:version>
  <spirit:busInterfaces>
    <spirit:busInterface>
      <spirit:name>rst</spirit:name>
      <spirit:busType spirit:vendor="xilinx.com" spirit:library="signal" spirit:name="reset" spirit:version="1.0"/>
      <spirit:abstractionType spirit:vendor="xilinx.com" spirit:library="signal" spirit:name="reset_rtl" spirit:version="1.0"/>
      <spirit:slave/>
      <spirit:portMaps>
        <spirit:portMap>
          <spirit:logicalPort>
            <spirit:name>RST</spirit:name>
          </spirit:logicalPort>
          <spirit:physicalPort>
            <spirit:name>rst</spirit:name>
          </spirit:physicalPort>
        </spirit:portMap>
      </spirit:portMaps>
    </spirit:busInterface>
  </spirit:busInterfaces>
  <spirit:model>
    <spirit:views>
      <spirit:view>
        <spirit:name>xilinx_anylanguagesynthesis</spirit:name>
        <spirit:displayName>Synthesis</spirit:displayName>
        <spirit:envIdentifier>:vivado.xilinx.com:synthesis</spirit:envIdentifier>
        <spirit:language>VHDL</spirit:language>
        <spirit:modelName>clk_div</spirit:modelName>
        <spirit:fileSetRef>
          <spirit:localName>xilinx_anylanguagesynthesis_view_fileset</spirit:localName>
        </spirit:fileSetRef>
        <spirit:parameters>
          <spirit:parameter>
            <spirit:name>viewChecksum</spirit:name>
            <spirit:value>df546370</spirit:value>
          </spirit:parameter>
        </spirit:parameters>
      </spirit:view>
      <spirit:view>
        <spirit:name>xilinx_xpgui</spirit:name>
        <spirit:displayName>UI Layout</spirit:displayName>
        <spirit:envIdentifier>:vivado.xilinx.com:xgui.ui</spirit:envIdentifier>
        <spirit:fileSetRef>
          <spirit:localName>xilinx_xpgui_view_fileset</spirit:localName>
        </spirit:fileSetRef>
        <spirit:parameters>
          <spirit:parameter>
            <spirit:name>viewChecksum</spirit:name>
            <spirit:value>21b2c99a</spirit:value>
          </spirit:parameter>
        </spirit:parameters>
      </spirit:view>
    </spirit:views>
    <spirit:ports>
      <spirit:port>
        <spirit:name>clk_in</spirit:name>
        <spirit:wire>
          <spirit:direction>in</spirit:direction>
          <spirit:wireTypeDefs>
            <spirit:wireTypeDef>
              <spirit:typeName>STD_LOGIC</spirit:typeName>
              <spirit:viewNameRef>xilinx_anylanguagesynthesis</spirit:viewNameRef>
            </spirit:wireTypeDef>
          </spirit:wireTypeDefs>
        </spirit:wire>
      </spirit:port>
      <spirit:port>
        <spirit:name>rst</spirit:name>
        <spirit:wire>
          <spirit:direction>in</spirit:direction>
          <spirit:wireTypeDefs>
            <spirit:wireTypeDef>
              <spirit:typeName>STD_LOGIC</spirit:typeName>
              <spirit:viewNameRef>xilinx_anylanguagesynthesis</spirit:viewNameRef>
            </spirit:wireTypeDef>
          </spirit:wireTypeDefs>
          <spirit:driver>
            <spirit:defaultValue spirit:format="bitString" spirit:bitStringLength="1">0x0</spirit:defaultValue>
          </spirit:driver>
        </spirit:wire>
      </spirit:port>
      <spirit:port>
        <spirit:name>select_bit</spirit:name>
        <spirit:wire>
          <spirit:direction>in</spirit:direction>
          <spirit:vector>
            <spirit:left spirit:format="long">31</spirit:left>
            <spirit:right spirit:format="long">0</spirit:right>
          </spirit:vector>
          <spirit:wireTypeDefs>
            <spirit:wireTypeDef>
              <spirit:typeName>INTEGER</spirit:typeName>
              <spirit:viewNameRef>xilinx_anylanguagesynthesis</spirit:viewNameRef>
            </spirit:wireTypeDef>
          </spirit:wireTypeDefs>
          <spirit:driver>
            <spirit:defaultValue spirit:format="long">0</spirit:defaultValue>
          </spirit:driver>
        </spirit:wire>
      </spirit:port>
      <spirit:port>
        <spirit:name>clk_out</spirit:name>
        <spirit:wire>
          <spirit:direction>out</spirit:direction>
          <spirit:wireTypeDefs>
            <spirit:wireTypeDef>
              <spirit:typeName>STD_LOGIC</spirit:typeName>
              <spirit:viewNameRef>xilinx_anylanguagesynthesis</spirit:viewNameRef>
            </spirit:wireTypeDef>
          </spirit:wireTypeDefs>
          <spirit:driver>
            <spirit:defaultValue spirit:format="bitString" spirit:bitStringLength="1">0x0</spirit:defaultValue>
          </spirit:driver>
        </spirit:wire>
      </spirit:port>
    </spirit:ports>
    <spirit:modelParameters>
      <spirit:modelParameter xsi:type="spirit:nameValueTypeType" spirit:dataType="INTEGER">
        <spirit:name>Data</spirit:name>
        <spirit:displayName>Data</spirit:displayName>
        <spirit:value spirit:format="long" spirit:resolve="generated" spirit:id="MODELPARAM_VALUE.Data">14</spirit:value>
      </spirit:modelParameter>
    </spirit:modelParameters>
  </spirit:model>
  <spirit:fileSets>
    <spirit:fileSet>
      <spirit:name>xilinx_anylanguagesynthesis_view_fileset</spirit:name>
      <spirit:file>
        <spirit:name>clk_div.vhd</spirit:name>
        <spirit:fileType>vhdlSource</spirit:fileType>
        <spirit:userFileType>CHECKSUM_df546370</spirit:userFileType>
      </spirit:file>
    </spirit:fileSet>
    <spirit:fileSet>
      <spirit:name>xilinx_xpgui_view_fileset</spirit:name>
      <spirit:file>
        <spirit:name>xgui/clk_div_v1_0.tcl</spirit:name>
        <spirit:fileType>tclSource</spirit:fileType>
        <spirit:userFileType>CHECKSUM_21b2c99a</spirit:userFileType>
        <spirit:userFileType>XGUI_VERSION_2</spirit:userFileType>
      </spirit:file>
    </spirit:fileSet>
  </spirit:fileSets>
  <spirit:description>clk_div_v1_0</spirit:description>
  <spirit:parameters>
    <spirit:parameter>
      <spirit:name>Data</spirit:name>
      <spirit:displayName>Data</spirit:displayName>
      <spirit:value spirit:format="long" spirit:resolve="user" spirit:id="PARAM_VALUE.Data">14</spirit:value>
    </spirit:parameter>
    <spirit:parameter>
      <spirit:name>Component_Name</spirit:name>
      <spirit:value spirit:resolve="user" spirit:id="PARAM_VALUE.Component_Name" spirit:order="1">clk_div_v1_0</spirit:value>
    </spirit:parameter>
  </spirit:parameters>
  <spirit:vendorExtensions>
    <xilinx:coreExtensions>
      <xilinx:supportedFamilies>
        <xilinx:family xilinx:lifeCycle="Production">kintex7</xilinx:family>
        <xilinx:family xilinx:lifeCycle="Production">kintex7l</xilinx:family>
        <xilinx:family xilinx:lifeCycle="Production">artix7</xilinx:family>
        <xilinx:family xilinx:lifeCycle="Production">artix7l</xilinx:family>
        <xilinx:family xilinx:lifeCycle="Production">aartix7</xilinx:family>
        <xilinx:family xilinx:lifeCycle="Production">zynq</xilinx:family>
        <xilinx:family xilinx:lifeCycle="Production">azynq</xilinx:family>
        <xilinx:family xilinx:lifeCycle="Production">spartan7</xilinx:family>
        <xilinx:family xilinx:lifeCycle="Production">aspartan7</xilinx:family>
        <xilinx:family xilinx:lifeCycle="Production">kintexuplus</xilinx:family>
        <xilinx:family xilinx:lifeCycle="Production">zynquplus</xilinx:family>
        <xilinx:family xilinx:lifeCycle="Production">kintexu</xilinx:family>
      </xilinx:supportedFamilies>
      <xilinx:taxonomies>
        <xilinx:taxonomy>/UserIP</xilinx:taxonomy>
      </xilinx:taxonomies>
      <xilinx:displayName>clk_div_v1_0</xilinx:displayName>
      <xilinx:definitionSource>package_project</xilinx:definitionSource>
      <xilinx:coreRevision>10</xilinx:coreRevision>
      <xilinx:coreCreationDateTime>2023-01-27T13:19:31Z</xilinx:coreCreationDateTime>
      <xilinx:tags>
        <xilinx:tag xilinx:name="ui.data.coregen.dd@2b9f1236_ARCHIVE_LOCATION">d:/varela/14bit-redpitaya-projet/clk_div/clk_div.srcs/sources_1/new</xilinx:tag>
        <xilinx:tag xilinx:name="ui.data.coregen.dd@50a1835c_ARCHIVE_LOCATION">d:/varela/14bit-redpitaya-projet/clk_div/clk_div.srcs/sources_1/new</xilinx:tag>
        <xilinx:tag xilinx:name="ui.data.coregen.dd@51d574c8_ARCHIVE_LOCATION">d:/varela/14bit-redpitaya-projet/clk_div/clk_div.srcs/sources_1/new</xilinx:tag>
        <xilinx:tag xilinx:name="ui.data.coregen.dd@40028e4b_ARCHIVE_LOCATION">d:/varela/14bit-redpitaya-projet/clk_div/clk_div.srcs/sources_1/new</xilinx:tag>
        <xilinx:tag xilinx:name="ui.data.coregen.dd@36109c0e_ARCHIVE_LOCATION">d:/varela/14bit-redpitaya-projet/clk_div/clk_div.srcs/sources_1/new</xilinx:tag>
        <xilinx:tag xilinx:name="ui.data.coregen.dd@5b22933f_ARCHIVE_LOCATION">d:/varela/14bit-redpitaya-projet/clk_div/clk_div.srcs/sources_1/new</xilinx:tag>
        <xilinx:tag xilinx:name="ui.data.coregen.dd@f47693a_ARCHIVE_LOCATION">d:/varela/14bit-redpitaya-projet/clk_div/clk_div.srcs/sources_1/new</xilinx:tag>
        <xilinx:tag xilinx:name="ui.data.coregen.dd@788d50e4_ARCHIVE_LOCATION">d:/varela/14bit-redpitaya-projet/clk_div/clk_div.srcs/sources_1/new</xilinx:tag>
        <xilinx:tag xilinx:name="ui.data.coregen.dd@25cce382_ARCHIVE_LOCATION">d:/varela/14bit-redpitaya-projet/clk_div/clk_div.srcs/sources_1/new</xilinx:tag>
        <xilinx:tag xilinx:name="ui.data.coregen.dd@5a7a96ca_ARCHIVE_LOCATION">d:/varela/14bit-redpitaya-projet/clk_div/clk_div.srcs/sources_1/new</xilinx:tag>
        <xilinx:tag xilinx:name="ui.data.coregen.dd@60a988d3_ARCHIVE_LOCATION">d:/varela/14bit-redpitaya-projet/clk_div/clk_div.srcs/sources_1/new</xilinx:tag>
        <xilinx:tag xilinx:name="ui.data.coregen.dd@c0e024b_ARCHIVE_LOCATION">d:/varela/14bit-redpitaya-projet/clk_div/clk_div.srcs/sources_1/new</xilinx:tag>
        <xilinx:tag xilinx:name="ui.data.coregen.dd@269b16fc_ARCHIVE_LOCATION">d:/varela/14bit-redpitaya-projet/clk_div/clk_div.srcs/sources_1/new</xilinx:tag>
        <xilinx:tag xilinx:name="ui.data.coregen.dd@6e766b5c_ARCHIVE_LOCATION">d:/VARELA/14bit-REDPITAYA-PROJET/clk_div/clk_div.srcs/sources_1/new</xilinx:tag>
        <xilinx:tag xilinx:name="ui.data.coregen.dd@6172f283_ARCHIVE_LOCATION">d:/VARELA/14bit-REDPITAYA-PROJET/clk_div/clk_div.srcs/sources_1/new</xilinx:tag>
        <xilinx:tag xilinx:name="ui.data.coregen.dd@3f107e75_ARCHIVE_LOCATION">d:/VARELA/14bit-REDPITAYA-PROJET/clk_div/clk_div.srcs/sources_1/new</xilinx:tag>
        <xilinx:tag xilinx:name="ui.data.coregen.dd@1256a32e_ARCHIVE_LOCATION">d:/VARELA/14bit-REDPITAYA-PROJET/clk_div/clk_div.srcs/sources_1/new</xilinx:tag>
        <xilinx:tag xilinx:name="ui.data.coregen.dd@68b1f7cf_ARCHIVE_LOCATION">d:/VARELA/14bit-REDPITAYA-PROJET/clk_div/clk_div.srcs/sources_1/new</xilinx:tag>
        <xilinx:tag xilinx:name="ui.data.coregen.dd@3976d535_ARCHIVE_LOCATION">d:/VARELA/14bit-REDPITAYA-PROJET/clk_div/clk_div.srcs/sources_1/new</xilinx:tag>
        <xilinx:tag xilinx:name="ui.data.coregen.dd@70483535_ARCHIVE_LOCATION">d:/VARELA/14bit-REDPITAYA-PROJET/clk_div/clk_div.srcs/sources_1/new</xilinx:tag>
        <xilinx:tag xilinx:name="ui.data.coregen.dd@75cbf112_ARCHIVE_LOCATION">d:/VARELA/14bit-REDPITAYA-PROJET/clk_div/clk_div.srcs/sources_1/new</xilinx:tag>
        <xilinx:tag xilinx:name="ui.data.coregen.dd@5e54cd60_ARCHIVE_LOCATION">d:/VARELA/14bit-REDPITAYA-PROJET/clk_div/clk_div.srcs/sources_1/new</xilinx:tag>
        <xilinx:tag xilinx:name="ui.data.coregen.dd@2d6d1132_ARCHIVE_LOCATION">d:/VARELA/14bit-REDPITAYA-PROJET/clk_div/clk_div.srcs/sources_1/new</xilinx:tag>
        <xilinx:tag xilinx:name="ui.data.coregen.dd@67d538e5_ARCHIVE_LOCATION">d:/VARELA/14bit-REDPITAYA-PROJET/clk_div/clk_div.srcs/sources_1/new</xilinx:tag>
        <xilinx:tag xilinx:name="ui.data.coregen.dd@4746d678_ARCHIVE_LOCATION">d:/VARELA/14bit-REDPITAYA-PROJET/clk_div/clk_div.srcs/sources_1/new</xilinx:tag>
        <xilinx:tag xilinx:name="ui.data.coregen.dd@67dbb9cd_ARCHIVE_LOCATION">d:/VARELA/14bit-REDPITAYA-PROJET/clk_div/clk_div.srcs/sources_1/new</xilinx:tag>
        <xilinx:tag xilinx:name="ui.data.coregen.dd@353bea2b_ARCHIVE_LOCATION">d:/VARELA/14bit-REDPITAYA-PROJET/clk_div/clk_div.srcs/sources_1/new</xilinx:tag>
        <xilinx:tag xilinx:name="ui.data.coregen.dd@39e29685_ARCHIVE_LOCATION">d:/VARELA/14bit-REDPITAYA-PROJET/clk_div/clk_div.srcs/sources_1/new</xilinx:tag>
        <xilinx:tag xilinx:name="ui.data.coregen.dd@6412169_ARCHIVE_LOCATION">d:/VARELA/14bit-REDPITAYA-PROJET/clk_div/clk_div.srcs/sources_1/new</xilinx:tag>
        <xilinx:tag xilinx:name="ui.data.coregen.dd@36ccc4cb_ARCHIVE_LOCATION">d:/VARELA/14bit-REDPITAYA-PROJET/clk_div/clk_div.srcs/sources_1/new</xilinx:tag>
        <xilinx:tag xilinx:name="ui.data.coregen.dd@6cb9af14_ARCHIVE_LOCATION">d:/VARELA/14bit-REDPITAYA-PROJET/clk_div/clk_div.srcs/sources_1/new</xilinx:tag>
        <xilinx:tag xilinx:name="ui.data.coregen.dd@61e56d8e_ARCHIVE_LOCATION">d:/VARELA/14bit-REDPITAYA-PROJET/clk_div/clk_div.srcs/sources_1/new</xilinx:tag>
        <xilinx:tag xilinx:name="ui.data.coregen.dd@485d1519_ARCHIVE_LOCATION">d:/VARELA/14bit-REDPITAYA-PROJET/clk_div/clk_div.srcs/sources_1/new</xilinx:tag>
        <xilinx:tag xilinx:name="ui.data.coregen.dd@1d05ef6b_ARCHIVE_LOCATION">d:/VARELA/14bit-REDPITAYA-PROJET/clk_div/clk_div.srcs/sources_1/new</xilinx:tag>
        <xilinx:tag xilinx:name="ui.data.coregen.dd@89c7ffa_ARCHIVE_LOCATION">d:/VARELA/14bit-REDPITAYA-PROJET/clk_div/clk_div.srcs/sources_1/new</xilinx:tag>
        <xilinx:tag xilinx:name="ui.data.coregen.dd@7946bf65_ARCHIVE_LOCATION">d:/VARELA/14bit-REDPITAYA-PROJET/clk_div/clk_div.srcs/sources_1/new</xilinx:tag>
        <xilinx:tag xilinx:name="ui.data.coregen.dd@317dd1bd_ARCHIVE_LOCATION">d:/VARELA/14bit-REDPITAYA-PROJET/clk_div/clk_div.srcs/sources_1/new</xilinx:tag>
        <xilinx:tag xilinx:name="ui.data.coregen.dd@11894632_ARCHIVE_LOCATION">d:/VARELA/14bit-REDPITAYA-PROJET/clk_div/clk_div.srcs/sources_1/new</xilinx:tag>
        <xilinx:tag xilinx:name="ui.data.coregen.dd@6dbfcbce_ARCHIVE_LOCATION">d:/VARELA/14bit-REDPITAYA-PROJET/clk_div/clk_div.srcs/sources_1/new</xilinx:tag>
        <xilinx:tag xilinx:name="ui.data.coregen.dd@16ae0fed_ARCHIVE_LOCATION">d:/VARELA/14bit-REDPITAYA-PROJET/clk_div/clk_div.srcs/sources_1/new</xilinx:tag>
        <xilinx:tag xilinx:name="ui.data.coregen.dd@2da18da2_ARCHIVE_LOCATION">d:/VARELA/14bit-REDPITAYA-PROJET/clk_div/clk_div.srcs/sources_1/new</xilinx:tag>
        <xilinx:tag xilinx:name="ui.data.coregen.dd@425a5b6d_ARCHIVE_LOCATION">d:/VARELA/14bit-REDPITAYA-PROJET/clk_div/clk_div.srcs/sources_1/new</xilinx:tag>
        <xilinx:tag xilinx:name="ui.data.coregen.dd@5fafe0b9_ARCHIVE_LOCATION">d:/VARELA/14bit-REDPITAYA-PROJET/clk_div/clk_div.srcs/sources_1/new</xilinx:tag>
        <xilinx:tag xilinx:name="ui.data.coregen.dd@43c0ad93_ARCHIVE_LOCATION">d:/VARELA/14bit-REDPITAYA-PROJET/clk_div/clk_div.srcs/sources_1/new</xilinx:tag>
        <xilinx:tag xilinx:name="ui.data.coregen.dd@6a7cbe16_ARCHIVE_LOCATION">d:/VARELA/14bit-REDPITAYA-PROJET/clk_div/clk_div.srcs/sources_1/new</xilinx:tag>
        <xilinx:tag xilinx:name="ui.data.coregen.dd@44a91a5c_ARCHIVE_LOCATION">d:/VARELA/14bit-REDPITAYA-PROJET/clk_div/clk_div.srcs/sources_1/new</xilinx:tag>
        <xilinx:tag xilinx:name="ui.data.coregen.dd@5b798930_ARCHIVE_LOCATION">d:/VARELA/14bit-REDPITAYA-PROJET/clk_div/clk_div.srcs/sources_1/new</xilinx:tag>
        <xilinx:tag xilinx:name="ui.data.coregen.dd@b7b314e_ARCHIVE_LOCATION">d:/VARELA/14bit-REDPITAYA-PROJET/clk_div/clk_div.srcs/sources_1/new</xilinx:tag>
        <xilinx:tag xilinx:name="ui.data.coregen.dd@39cf9e29_ARCHIVE_LOCATION">d:/VARELA/14bit-REDPITAYA-PROJET/clk_div/clk_div.srcs/sources_1/new</xilinx:tag>
        <xilinx:tag xilinx:name="ui.data.coregen.dd@7224c262_ARCHIVE_LOCATION">d:/VARELA/14bit-REDPITAYA-PROJET/clk_div/clk_div.srcs/sources_1/new</xilinx:tag>
        <xilinx:tag xilinx:name="ui.data.coregen.dd@79529b48_ARCHIVE_LOCATION">d:/VARELA/14bit-REDPITAYA-PROJET/clk_div/clk_div.srcs/sources_1/new</xilinx:tag>
        <xilinx:tag xilinx:name="ui.data.coregen.dd@7640b4b6_ARCHIVE_LOCATION">d:/VARELA/14bit-REDPITAYA-PROJET/clk_div/clk_div.srcs/sources_1/new</xilinx:tag>
        <xilinx:tag xilinx:name="ui.data.coregen.dd@15e78a8f_ARCHIVE_LOCATION">d:/VARELA/14bit-REDPITAYA-PROJET/clk_div/clk_div.srcs/sources_1/new</xilinx:tag>
        <xilinx:tag xilinx:name="ui.data.coregen.dd@76d6281e_ARCHIVE_LOCATION">d:/VARELA/14bit-REDPITAYA-PROJET/clk_div/clk_div.srcs/sources_1/new</xilinx:tag>
        <xilinx:tag xilinx:name="ui.data.coregen.dd@4369b78e_ARCHIVE_LOCATION">d:/VARELA/14bit-REDPITAYA-PROJET/clk_div/clk_div.srcs/sources_1/new</xilinx:tag>
        <xilinx:tag xilinx:name="ui.data.coregen.dd@33122f6e_ARCHIVE_LOCATION">d:/VARELA/14bit-REDPITAYA-PROJET/clk_div/clk_div.srcs/sources_1/new</xilinx:tag>
        <xilinx:tag xilinx:name="ui.data.coregen.dd@2541d4be_ARCHIVE_LOCATION">d:/VARELA/14bit-REDPITAYA-PROJET/clk_div/clk_div.srcs/sources_1/new</xilinx:tag>
        <xilinx:tag xilinx:name="ui.data.coregen.dd@6542da2c_ARCHIVE_LOCATION">d:/VARELA/14bit-REDPITAYA-PROJET/clk_div/clk_div.srcs/sources_1/new</xilinx:tag>
        <xilinx:tag xilinx:name="ui.data.coregen.dd@435328f3_ARCHIVE_LOCATION">d:/VARELA/14bit-REDPITAYA-PROJET/clk_div/clk_div.srcs/sources_1/new</xilinx:tag>
        <xilinx:tag xilinx:name="ui.data.coregen.dd@2f244402_ARCHIVE_LOCATION">d:/VARELA/14bit-REDPITAYA-PROJET/clk_div/clk_div.srcs/sources_1/new</xilinx:tag>
        <xilinx:tag xilinx:name="ui.data.coregen.dd@4610f170_ARCHIVE_LOCATION">d:/VARELA/14bit-REDPITAYA-PROJET/clk_div/clk_div.srcs/sources_1/new</xilinx:tag>
        <xilinx:tag xilinx:name="ui.data.coregen.dd@40310b5a_ARCHIVE_LOCATION">d:/VARELA/14bit-REDPITAYA-PROJET/clk_div/clk_div.srcs/sources_1/new</xilinx:tag>
        <xilinx:tag xilinx:name="ui.data.coregen.dd@642907d4_ARCHIVE_LOCATION">d:/VARELA/14bit-REDPITAYA-PROJET/clk_div/clk_div.srcs/sources_1/new</xilinx:tag>
        <xilinx:tag xilinx:name="ui.data.coregen.dd@4848f4b6_ARCHIVE_LOCATION">d:/VARELA/14bit-REDPITAYA-PROJET/clk_div/clk_div.srcs/sources_1/new</xilinx:tag>
        <xilinx:tag xilinx:name="ui.data.coregen.dd@6c74db0c_ARCHIVE_LOCATION">d:/VARELA/14bit-REDPITAYA-PROJET/clk_div/clk_div.srcs/sources_1/new</xilinx:tag>
        <xilinx:tag xilinx:name="ui.data.coregen.dd@7bbd466e_ARCHIVE_LOCATION">d:/VARELA/14bit-REDPITAYA-PROJET/clk_div/clk_div.srcs/sources_1/new</xilinx:tag>
        <xilinx:tag xilinx:name="ui.data.coregen.dd@92ced23_ARCHIVE_LOCATION">d:/VARELA/14bit-REDPITAYA-PROJET/clk_div/clk_div.srcs/sources_1/new</xilinx:tag>
        <xilinx:tag xilinx:name="ui.data.coregen.dd@484b9b80_ARCHIVE_LOCATION">d:/VARELA/14bit-REDPITAYA-PROJET/clk_div/clk_div.srcs/sources_1/new</xilinx:tag>
        <xilinx:tag xilinx:name="ui.data.coregen.dd@67337bd_ARCHIVE_LOCATION">d:/VARELA/14bit-REDPITAYA-PROJET/clk_div/clk_div.srcs/sources_1/new</xilinx:tag>
        <xilinx:tag xilinx:name="ui.data.coregen.dd@58f936bd_ARCHIVE_LOCATION">d:/VARELA/14bit-REDPITAYA-PROJET/clk_div/clk_div.srcs/sources_1/new</xilinx:tag>
        <xilinx:tag xilinx:name="ui.data.coregen.dd@7517605a_ARCHIVE_LOCATION">d:/VARELA/14bit-REDPITAYA-PROJET/clk_div/clk_div.srcs/sources_1/new</xilinx:tag>
        <xilinx:tag xilinx:name="ui.data.coregen.dd@39d2a622_ARCHIVE_LOCATION">d:/VARELA/14bit-REDPITAYA-PROJET/clk_div/clk_div.srcs/sources_1/new</xilinx:tag>
        <xilinx:tag xilinx:name="ui.data.coregen.dd@61d876a1_ARCHIVE_LOCATION">d:/VARELA/14bit-REDPITAYA-PROJET/clk_div/clk_div.srcs/sources_1/new</xilinx:tag>
        <xilinx:tag xilinx:name="ui.data.coregen.dd@29514c9e_ARCHIVE_LOCATION">d:/VARELA/LES_IP/clk_div/clk_div.srcs/sources_1/new</xilinx:tag>
        <xilinx:tag xilinx:name="ui.data.coregen.dd@3b7c3dc4_ARCHIVE_LOCATION">d:/VARELA/LES_IP/clk_div/clk_div.srcs/sources_1/new</xilinx:tag>
        <xilinx:tag xilinx:name="ui.data.coregen.dd@47af34bd_ARCHIVE_LOCATION">d:/VARELA/LES_IP/clk_div/clk_div.srcs/sources_1/new</xilinx:tag>
        <xilinx:tag xilinx:name="ui.data.coregen.dd@57f68ce4_ARCHIVE_LOCATION">d:/VARELA/LES_IP/clk_div/clk_div.srcs/sources_1/new</xilinx:tag>
        <xilinx:tag xilinx:name="ui.data.coregen.dd@40b8878c_ARCHIVE_LOCATION">d:/VARELA/LES_IP/clk_div/clk_div.srcs/sources_1/new</xilinx:tag>
        <xilinx:tag xilinx:name="ui.data.coregen.dd@45f92d7f_ARCHIVE_LOCATION">d:/VARELA/LES_IP/clk_div/clk_div.srcs/sources_1/new</xilinx:tag>
        <xilinx:tag xilinx:name="ui.data.coregen.dd@1400519c_ARCHIVE_LOCATION">d:/VARELA/LES_IP/clk_div/clk_div.srcs/sources_1/new</xilinx:tag>
        <xilinx:tag xilinx:name="ui.data.coregen.dd@48e25a41_ARCHIVE_LOCATION">d:/VARELA/LES_IP/clk_div/clk_div.srcs/sources_1/new</xilinx:tag>
        <xilinx:tag xilinx:name="ui.data.coregen.dd@79e00219_ARCHIVE_LOCATION">d:/VARELA/LES_IP/clk_div/clk_div.srcs/sources_1/new</xilinx:tag>
        <xilinx:tag xilinx:name="ui.data.coregen.dd@44b1ef6d_ARCHIVE_LOCATION">d:/VARELA/LES_IP/clk_div/clk_div.srcs/sources_1/new</xilinx:tag>
        <xilinx:tag xilinx:name="ui.data.coregen.dd@7d32fde0_ARCHIVE_LOCATION">d:/VARELA/LES_IP/clk_div/clk_div.srcs/sources_1/new</xilinx:tag>
        <xilinx:tag xilinx:name="ui.data.coregen.dd@77fe9f2c_ARCHIVE_LOCATION">d:/VARELA/LES_IP/clk_div/clk_div.srcs/sources_1/new</xilinx:tag>
        <xilinx:tag xilinx:name="ui.data.coregen.dd@2f46c25d_ARCHIVE_LOCATION">d:/VARELA/LES_IP/clk_div/clk_div.srcs/sources_1/new</xilinx:tag>
        <xilinx:tag xilinx:name="ui.data.coregen.dd@2c0e5a91_ARCHIVE_LOCATION">d:/VARELA/LES_IP/clk_div/clk_div.srcs/sources_1/new</xilinx:tag>
        <xilinx:tag xilinx:name="ui.data.coregen.dd@216de0ba_ARCHIVE_LOCATION">d:/VARELA/LES_IP/clk_div/clk_div.srcs/sources_1/new</xilinx:tag>
        <xilinx:tag xilinx:name="ui.data.coregen.dd@4f2c19a4_ARCHIVE_LOCATION">d:/VARELA/LES_IP/clk_div/clk_div.srcs/sources_1/new</xilinx:tag>
        <xilinx:tag xilinx:name="ui.data.coregen.dd@6943e790_ARCHIVE_LOCATION">d:/VARELA/LES_IP/clk_div/clk_div.srcs/sources_1/new</xilinx:tag>
        <xilinx:tag xilinx:name="ui.data.coregen.dd@5e72990c_ARCHIVE_LOCATION">d:/VARELA/LES_IP/clk_div/clk_div.srcs/sources_1/new</xilinx:tag>
        <xilinx:tag xilinx:name="ui.data.coregen.dd@3be2353c_ARCHIVE_LOCATION">d:/VARELA/LES_IP/clk_div/clk_div.srcs/sources_1/new</xilinx:tag>
        <xilinx:tag xilinx:name="ui.data.coregen.dd@7d9d3044_ARCHIVE_LOCATION">d:/VARELA/LES_IP/clk_div/clk_div.srcs/sources_1/new</xilinx:tag>
        <xilinx:tag xilinx:name="ui.data.coregen.dd@265e5331_ARCHIVE_LOCATION">d:/VARELA/LES_IP/clk_div/clk_div.srcs/sources_1/new</xilinx:tag>
        <xilinx:tag xilinx:name="ui.data.coregen.dd@2bf18ab9_ARCHIVE_LOCATION">d:/VARELA/LES_IP/clk_div/clk_div.srcs/sources_1/new</xilinx:tag>
        <xilinx:tag xilinx:name="ui.data.coregen.dd@2662a6c_ARCHIVE_LOCATION">d:/VARELA/LES_IP/clk_div/clk_div.srcs/sources_1/new</xilinx:tag>
        <xilinx:tag xilinx:name="ui.data.coregen.dd@4a431deb_ARCHIVE_LOCATION">d:/VARELA/LES_IP/clk_div/clk_div.srcs/sources_1/new</xilinx:tag>
        <xilinx:tag xilinx:name="ui.data.coregen.dd@74e3f21b_ARCHIVE_LOCATION">d:/VARELA/LES_IP/clk_div/clk_div.srcs/sources_1/new</xilinx:tag>
        <xilinx:tag xilinx:name="ui.data.coregen.dd@6a2d3cd5_ARCHIVE_LOCATION">d:/VARELA/LES_IP/clk_div/clk_div.srcs/sources_1/new</xilinx:tag>
        <xilinx:tag xilinx:name="ui.data.coregen.dd@5ec6e06e_ARCHIVE_LOCATION">d:/VARELA/LES_IP/clk_div/clk_div.srcs/sources_1/new</xilinx:tag>
        <xilinx:tag xilinx:name="ui.data.coregen.dd@2507bfab_ARCHIVE_LOCATION">d:/VARELA/LES_IP/clk_div/clk_div.srcs/sources_1/new</xilinx:tag>
        <xilinx:tag xilinx:name="ui.data.coregen.dd@577ffec3_ARCHIVE_LOCATION">d:/VARELA/LES_IP/clk_div/clk_div.srcs/sources_1/new</xilinx:tag>
        <xilinx:tag xilinx:name="ui.data.coregen.dd@278e7cf6_ARCHIVE_LOCATION">d:/VARELA/LES_IP/clk_div/clk_div.srcs/sources_1/new</xilinx:tag>
        <xilinx:tag xilinx:name="ui.data.coregen.dd@127adc55_ARCHIVE_LOCATION">d:/VARELA/LES_IP/clk_div/clk_div.srcs/sources_1/new</xilinx:tag>
        <xilinx:tag xilinx:name="ui.data.coregen.dd@2cd3beca_ARCHIVE_LOCATION">d:/VARELA/LES_IP/clk_div/clk_div.srcs/sources_1/new</xilinx:tag>
        <xilinx:tag xilinx:name="ui.data.coregen.dd@1c666dbe_ARCHIVE_LOCATION">d:/VARELA/LES_IP/clk_div/clk_div.srcs/sources_1/new</xilinx:tag>
        <xilinx:tag xilinx:name="ui.data.coregen.dd@36e4eabe_ARCHIVE_LOCATION">d:/VARELA/LES_IP/clk_div/clk_div.srcs/sources_1/new</xilinx:tag>
        <xilinx:tag xilinx:name="ui.data.coregen.dd@41aaf41c_ARCHIVE_LOCATION">d:/VARELA/LES_IP/clk_div/clk_div.srcs/sources_1/new</xilinx:tag>
        <xilinx:tag xilinx:name="ui.data.coregen.dd@4ab399c_ARCHIVE_LOCATION">d:/VARELA/LES_IP/clk_div/clk_div.srcs/sources_1/new</xilinx:tag>
        <xilinx:tag xilinx:name="ui.data.coregen.dd@54dd8839_ARCHIVE_LOCATION">d:/VARELA/LES_IP/clk_div/clk_div.srcs/sources_1/new</xilinx:tag>
        <xilinx:tag xilinx:name="ui.data.coregen.dd@75da0291_ARCHIVE_LOCATION">d:/VARELA/LES_IP/clk_div/clk_div.srcs/sources_1/new</xilinx:tag>
        <xilinx:tag xilinx:name="ui.data.coregen.dd@6977d8dc_ARCHIVE_LOCATION">d:/VARELA/LES_IP/clk_div/clk_div.srcs/sources_1/new</xilinx:tag>
        <xilinx:tag xilinx:name="ui.data.coregen.dd@3d034f6c_ARCHIVE_LOCATION">d:/VARELA/LES_IP/clk_div/clk_div.srcs/sources_1/new</xilinx:tag>
      </xilinx:tags>
    </xilinx:coreExtensions>
    <xilinx:packagingInfo>
      <xilinx:xilinxVersion>2020.2</xilinx:xilinxVersion>
      <xilinx:checksum xilinx:scope="busInterfaces" xilinx:value="8057bd25"/>
      <xilinx:checksum xilinx:scope="fileGroups" xilinx:value="cbce49a4"/>
      <xilinx:checksum xilinx:scope="ports" xilinx:value="fc3e7e10"/>
      <xilinx:checksum xilinx:scope="hdlParameters" xilinx:value="bd6c70e0"/>
      <xilinx:checksum xilinx:scope="parameters" xilinx:value="bc57901e"/>
    </xilinx:packagingInfo>
  </spirit:vendorExtensions>
</spirit:component>
