<?xml version="1.0" encoding="UTF-8"?>
<spirit:component xmlns:xilinx="http://www.xilinx.com" xmlns:spirit="http://www.spiritconsortium.org/XMLSchema/SPIRIT/1685-2009" xmlns:xsi="http://www.w3.org/2001/XMLSchema-instance">
  <spirit:vendor>DSPsandbox</spirit:vendor>
  <spirit:library>FPGA-Notes-for-Scientists</spirit:library>
  <spirit:name>clk</spirit:name>
  <spirit:version>1.0</spirit:version>
  <spirit:busInterfaces>
    <spirit:busInterface>
      <spirit:name>CLK.CLK_125</spirit:name>
      <spirit:busType spirit:vendor="xilinx.com" spirit:library="signal" spirit:name="clock" spirit:version="1.0"/>
      <spirit:abstractionType spirit:vendor="xilinx.com" spirit:library="signal" spirit:name="clock_rtl" spirit:version="1.0"/>
      <spirit:master/>
      <spirit:portMaps>
        <spirit:portMap>
          <spirit:logicalPort>
            <spirit:name>CLK</spirit:name>
          </spirit:logicalPort>
          <spirit:physicalPort>
            <spirit:name>clk_125</spirit:name>
          </spirit:physicalPort>
        </spirit:portMap>
      </spirit:portMaps>
      <spirit:parameters>
        <spirit:parameter>
          <spirit:name>FREQ_HZ</spirit:name>
          <spirit:value spirit:id="BUSIFPARAM_VALUE.CLK.CLK_125.FREQ_HZ">125000000</spirit:value>
        </spirit:parameter>
        <spirit:parameter>
          <spirit:name>PHASE</spirit:name>
          <spirit:value spirit:id="BUSIFPARAM_VALUE.CLK.CLK_125.PHASE">0.0</spirit:value>
        </spirit:parameter>
      </spirit:parameters>
    </spirit:busInterface>
    <spirit:busInterface>
      <spirit:name>CLK.CLK_250</spirit:name>
      <spirit:busType spirit:vendor="xilinx.com" spirit:library="signal" spirit:name="clock" spirit:version="1.0"/>
      <spirit:abstractionType spirit:vendor="xilinx.com" spirit:library="signal" spirit:name="clock_rtl" spirit:version="1.0"/>
      <spirit:master/>
      <spirit:portMaps>
        <spirit:portMap>
          <spirit:logicalPort>
            <spirit:name>CLK</spirit:name>
          </spirit:logicalPort>
          <spirit:physicalPort>
            <spirit:name>clk_250</spirit:name>
          </spirit:physicalPort>
        </spirit:portMap>
      </spirit:portMaps>
      <spirit:parameters>
        <spirit:parameter>
          <spirit:name>FREQ_HZ</spirit:name>
          <spirit:value spirit:id="BUSIFPARAM_VALUE.CLK.CLK_250.FREQ_HZ">250000000</spirit:value>
        </spirit:parameter>
        <spirit:parameter>
          <spirit:name>PHASE</spirit:name>
          <spirit:value spirit:id="BUSIFPARAM_VALUE.CLK.CLK_250.PHASE">0.0</spirit:value>
        </spirit:parameter>
      </spirit:parameters>
    </spirit:busInterface>
    <spirit:busInterface>
      <spirit:name>CLK.CLK_250_M45</spirit:name>
      <spirit:busType spirit:vendor="xilinx.com" spirit:library="signal" spirit:name="clock" spirit:version="1.0"/>
      <spirit:abstractionType spirit:vendor="xilinx.com" spirit:library="signal" spirit:name="clock_rtl" spirit:version="1.0"/>
      <spirit:master/>
      <spirit:portMaps>
        <spirit:portMap>
          <spirit:logicalPort>
            <spirit:name>CLK</spirit:name>
          </spirit:logicalPort>
          <spirit:physicalPort>
            <spirit:name>clk_250_m45</spirit:name>
          </spirit:physicalPort>
        </spirit:portMap>
      </spirit:portMaps>
      <spirit:parameters>
        <spirit:parameter>
          <spirit:name>FREQ_HZ</spirit:name>
          <spirit:value spirit:id="BUSIFPARAM_VALUE.CLK.CLK_250_M45.FREQ_HZ">250000000</spirit:value>
        </spirit:parameter>
        <spirit:parameter>
          <spirit:name>PHASE</spirit:name>
          <spirit:value spirit:id="BUSIFPARAM_VALUE.CLK.CLK_250_M45.PHASE">-45.0</spirit:value>
        </spirit:parameter>
      </spirit:parameters>
    </spirit:busInterface>
  </spirit:busInterfaces>
  <spirit:model>
    <spirit:views>
      <spirit:view>
        <spirit:name>xilinx_anylanguagesynthesis</spirit:name>
        <spirit:displayName>Synthesis</spirit:displayName>
        <spirit:envIdentifier>:vivado.xilinx.com:synthesis</spirit:envIdentifier>
        <spirit:language>VHDL</spirit:language>
        <spirit:modelName>clk_bd</spirit:modelName>
        <spirit:fileSetRef>
          <spirit:localName>xilinx_anylanguagesynthesis_xilinx_com_ip_clk_wiz_6_0__ref_view_fileset</spirit:localName>
        </spirit:fileSetRef>
        <spirit:fileSetRef>
          <spirit:localName>xilinx_anylanguagesynthesis_view_fileset</spirit:localName>
        </spirit:fileSetRef>
        <spirit:parameters>
          <spirit:parameter>
            <spirit:name>viewChecksum</spirit:name>
            <spirit:value>d3f01f76</spirit:value>
          </spirit:parameter>
        </spirit:parameters>
      </spirit:view>
      <spirit:view>
        <spirit:name>xilinx_anylanguagebehavioralsimulation</spirit:name>
        <spirit:displayName>Simulation</spirit:displayName>
        <spirit:envIdentifier>:vivado.xilinx.com:simulation</spirit:envIdentifier>
        <spirit:language>VHDL</spirit:language>
        <spirit:modelName>clk_bd</spirit:modelName>
        <spirit:fileSetRef>
          <spirit:localName>xilinx_anylanguagebehavioralsimulation_xilinx_com_ip_clk_wiz_6_0__ref_view_fileset</spirit:localName>
        </spirit:fileSetRef>
        <spirit:fileSetRef>
          <spirit:localName>xilinx_anylanguagebehavioralsimulation_view_fileset</spirit:localName>
        </spirit:fileSetRef>
        <spirit:parameters>
          <spirit:parameter>
            <spirit:name>viewChecksum</spirit:name>
            <spirit:value>61dad852</spirit:value>
          </spirit:parameter>
        </spirit:parameters>
      </spirit:view>
      <spirit:view>
        <spirit:name>xilinx_xpgui</spirit:name>
        <spirit:displayName>UI Layout</spirit:displayName>
        <spirit:envIdentifier>:vivado.xilinx.com:xgui.ui</spirit:envIdentifier>
        <spirit:fileSetRef>
          <spirit:localName>xilinx_xpgui_view_fileset</spirit:localName>
        </spirit:fileSetRef>
        <spirit:parameters>
          <spirit:parameter>
            <spirit:name>viewChecksum</spirit:name>
            <spirit:value>abd1bb30</spirit:value>
          </spirit:parameter>
        </spirit:parameters>
      </spirit:view>
    </spirit:views>
    <spirit:ports>
      <spirit:port>
        <spirit:name>adc_cdcs_o</spirit:name>
        <spirit:wire>
          <spirit:direction>out</spirit:direction>
          <spirit:wireTypeDefs>
            <spirit:wireTypeDef>
              <spirit:typeName>STD_LOGIC</spirit:typeName>
              <spirit:viewNameRef>xilinx_anylanguagesynthesis</spirit:viewNameRef>
              <spirit:viewNameRef>xilinx_anylanguagebehavioralsimulation</spirit:viewNameRef>
            </spirit:wireTypeDef>
          </spirit:wireTypeDefs>
        </spirit:wire>
      </spirit:port>
      <spirit:port>
        <spirit:name>adc_clk_n_i</spirit:name>
        <spirit:wire>
          <spirit:direction>in</spirit:direction>
          <spirit:wireTypeDefs>
            <spirit:wireTypeDef>
              <spirit:typeName>STD_LOGIC</spirit:typeName>
              <spirit:viewNameRef>xilinx_anylanguagesynthesis</spirit:viewNameRef>
              <spirit:viewNameRef>xilinx_anylanguagebehavioralsimulation</spirit:viewNameRef>
            </spirit:wireTypeDef>
          </spirit:wireTypeDefs>
        </spirit:wire>
      </spirit:port>
      <spirit:port>
        <spirit:name>adc_clk_p_i</spirit:name>
        <spirit:wire>
          <spirit:direction>in</spirit:direction>
          <spirit:wireTypeDefs>
            <spirit:wireTypeDef>
              <spirit:typeName>STD_LOGIC</spirit:typeName>
              <spirit:viewNameRef>xilinx_anylanguagesynthesis</spirit:viewNameRef>
              <spirit:viewNameRef>xilinx_anylanguagebehavioralsimulation</spirit:viewNameRef>
            </spirit:wireTypeDef>
          </spirit:wireTypeDefs>
        </spirit:wire>
      </spirit:port>
      <spirit:port>
        <spirit:name>clk_125</spirit:name>
        <spirit:wire>
          <spirit:direction>out</spirit:direction>
          <spirit:wireTypeDefs>
            <spirit:wireTypeDef>
              <spirit:typeName>STD_LOGIC</spirit:typeName>
              <spirit:viewNameRef>xilinx_anylanguagesynthesis</spirit:viewNameRef>
              <spirit:viewNameRef>xilinx_anylanguagebehavioralsimulation</spirit:viewNameRef>
            </spirit:wireTypeDef>
          </spirit:wireTypeDefs>
        </spirit:wire>
      </spirit:port>
      <spirit:port>
        <spirit:name>clk_250</spirit:name>
        <spirit:wire>
          <spirit:direction>out</spirit:direction>
          <spirit:wireTypeDefs>
            <spirit:wireTypeDef>
              <spirit:typeName>STD_LOGIC</spirit:typeName>
              <spirit:viewNameRef>xilinx_anylanguagesynthesis</spirit:viewNameRef>
              <spirit:viewNameRef>xilinx_anylanguagebehavioralsimulation</spirit:viewNameRef>
            </spirit:wireTypeDef>
          </spirit:wireTypeDefs>
        </spirit:wire>
      </spirit:port>
      <spirit:port>
        <spirit:name>clk_250_m45</spirit:name>
        <spirit:wire>
          <spirit:direction>out</spirit:direction>
          <spirit:wireTypeDefs>
            <spirit:wireTypeDef>
              <spirit:typeName>STD_LOGIC</spirit:typeName>
              <spirit:viewNameRef>xilinx_anylanguagesynthesis</spirit:viewNameRef>
              <spirit:viewNameRef>xilinx_anylanguagebehavioralsimulation</spirit:viewNameRef>
            </spirit:wireTypeDef>
          </spirit:wireTypeDefs>
        </spirit:wire>
      </spirit:port>
      <spirit:port>
        <spirit:name>locked</spirit:name>
        <spirit:wire>
          <spirit:direction>out</spirit:direction>
          <spirit:wireTypeDefs>
            <spirit:wireTypeDef>
              <spirit:typeName>STD_LOGIC</spirit:typeName>
              <spirit:viewNameRef>xilinx_anylanguagesynthesis</spirit:viewNameRef>
              <spirit:viewNameRef>xilinx_anylanguagebehavioralsimulation</spirit:viewNameRef>
            </spirit:wireTypeDef>
          </spirit:wireTypeDefs>
        </spirit:wire>
      </spirit:port>
    </spirit:ports>
  </spirit:model>
  <spirit:fileSets>
    <spirit:fileSet>
      <spirit:name>xilinx_anylanguagesynthesis_view_fileset</spirit:name>
      <spirit:file>
        <spirit:name>src/clk_bd_clockStabilization_0_0.vhd</spirit:name>
        <spirit:fileType>vhdlSource</spirit:fileType>
        <spirit:userFileType>IMPORTED_FILE</spirit:userFileType>
      </spirit:file>
      <spirit:file>
        <spirit:name>src/clk_bd_clk_wiz_0_0/clk_bd_clk_wiz_0_0.xci</spirit:name>
        <spirit:userFileType>xci</spirit:userFileType>
        <spirit:userFileType>IMPORTED_FILE</spirit:userFileType>
        <spirit:userFileType>CELL_NAME_clk_wiz_0</spirit:userFileType>
        <spirit:define>
          <spirit:name>processing_order</spirit:name>
          <spirit:value>early</spirit:value>
        </spirit:define>
      </spirit:file>
      <spirit:file>
        <spirit:name>src/clk_bd.vhd</spirit:name>
        <spirit:fileType>vhdlSource</spirit:fileType>
        <spirit:userFileType>IMPORTED_FILE</spirit:userFileType>
        <spirit:define>
          <spirit:name>processing_order</spirit:name>
          <spirit:value>early</spirit:value>
        </spirit:define>
      </spirit:file>
      <spirit:file>
        <spirit:name>src/clk_bd_ooc.xdc</spirit:name>
        <spirit:userFileType>xdc</spirit:userFileType>
        <spirit:userFileType>IMPORTED_FILE</spirit:userFileType>
        <spirit:userFileType>SCOPED_TO_REF_clk_bd</spirit:userFileType>
        <spirit:userFileType>USED_IN_out_of_context</spirit:userFileType>
        <spirit:define>
          <spirit:name>processing_order</spirit:name>
          <spirit:value>early</spirit:value>
        </spirit:define>
      </spirit:file>
      <spirit:file>
        <spirit:name>src/clockStabilization.vhd</spirit:name>
        <spirit:fileType>vhdlSource</spirit:fileType>
        <spirit:userFileType>CHECKSUM_73d4d15b</spirit:userFileType>
        <spirit:userFileType>IMPORTED_FILE</spirit:userFileType>
      </spirit:file>
    </spirit:fileSet>
    <spirit:fileSet>
      <spirit:name>xilinx_anylanguagesynthesis_xilinx_com_ip_clk_wiz_6_0__ref_view_fileset</spirit:name>
      <spirit:vendorExtensions>
        <xilinx:subCoreRef>
          <xilinx:componentRef xsi:type="xilinx:componentRefType" xilinx:vendor="xilinx.com" xilinx:library="ip" xilinx:name="clk_wiz" xilinx:version="6.0">
            <xilinx:mode xilinx:name="create_mode"/>
          </xilinx:componentRef>
        </xilinx:subCoreRef>
      </spirit:vendorExtensions>
    </spirit:fileSet>
    <spirit:fileSet>
      <spirit:name>xilinx_anylanguagebehavioralsimulation_view_fileset</spirit:name>
      <spirit:file>
        <spirit:name>sim/clk_bd_clockStabilization_0_0.vhd</spirit:name>
        <spirit:fileType>vhdlSource</spirit:fileType>
        <spirit:userFileType>IMPORTED_FILE</spirit:userFileType>
      </spirit:file>
      <spirit:file>
        <spirit:name>src/clk_bd_clk_wiz_0_0/clk_bd_clk_wiz_0_0.xci</spirit:name>
        <spirit:userFileType>xci</spirit:userFileType>
        <spirit:userFileType>IMPORTED_FILE</spirit:userFileType>
        <spirit:userFileType>CELL_NAME_clk_wiz_0</spirit:userFileType>
        <spirit:define>
          <spirit:name>processing_order</spirit:name>
          <spirit:value>early</spirit:value>
        </spirit:define>
      </spirit:file>
      <spirit:file>
        <spirit:name>sim/clk_bd.vhd</spirit:name>
        <spirit:fileType>vhdlSource</spirit:fileType>
        <spirit:userFileType>IMPORTED_FILE</spirit:userFileType>
        <spirit:define>
          <spirit:name>processing_order</spirit:name>
          <spirit:value>early</spirit:value>
        </spirit:define>
      </spirit:file>
      <spirit:file>
        <spirit:name>src/clockStabilization.vhd</spirit:name>
        <spirit:fileType>vhdlSource</spirit:fileType>
        <spirit:userFileType>IMPORTED_FILE</spirit:userFileType>
      </spirit:file>
    </spirit:fileSet>
    <spirit:fileSet>
      <spirit:name>xilinx_anylanguagebehavioralsimulation_xilinx_com_ip_clk_wiz_6_0__ref_view_fileset</spirit:name>
      <spirit:vendorExtensions>
        <xilinx:subCoreRef>
          <xilinx:componentRef xsi:type="xilinx:componentRefType" xilinx:vendor="xilinx.com" xilinx:library="ip" xilinx:name="clk_wiz" xilinx:version="6.0">
            <xilinx:mode xilinx:name="create_mode"/>
          </xilinx:componentRef>
        </xilinx:subCoreRef>
      </spirit:vendorExtensions>
    </spirit:fileSet>
    <spirit:fileSet>
      <spirit:name>xilinx_xpgui_view_fileset</spirit:name>
      <spirit:file>
        <spirit:name>xgui/clk_v1_0.tcl</spirit:name>
        <spirit:fileType>tclSource</spirit:fileType>
        <spirit:userFileType>CHECKSUM_abd1bb30</spirit:userFileType>
        <spirit:userFileType>XGUI_VERSION_2</spirit:userFileType>
      </spirit:file>
    </spirit:fileSet>
  </spirit:fileSets>
  <spirit:description>Clock management for Redpitaya-125-14</spirit:description>
  <spirit:parameters>
    <spirit:parameter>
      <spirit:name>Component_Name</spirit:name>
      <spirit:value spirit:resolve="user" spirit:id="PARAM_VALUE.Component_Name" spirit:order="1">clk_bd_v1_0</spirit:value>
    </spirit:parameter>
  </spirit:parameters>
  <spirit:vendorExtensions>
    <xilinx:coreExtensions>
      <xilinx:supportedFamilies>
        <xilinx:family xilinx:lifeCycle="Production">zynq</xilinx:family>
      </xilinx:supportedFamilies>
      <xilinx:taxonomies>
        <xilinx:taxonomy>/FPGA-Notes-for-Scientists</xilinx:taxonomy>
      </xilinx:taxonomies>
      <xilinx:displayName>Redpitaya-125-14-clk</xilinx:displayName>
      <xilinx:definitionSource>IPI</xilinx:definitionSource>
      <xilinx:coreRevision>1</xilinx:coreRevision>
      <xilinx:upgrades>
        <xilinx:canUpgradeFrom>DSPsandbox:FPGA-Notes-for-Scientist:clk:1.0</xilinx:canUpgradeFrom>
      </xilinx:upgrades>
      <xilinx:coreCreationDateTime>2021-10-12T10:27:54Z</xilinx:coreCreationDateTime>
      <xilinx:tags>
        <xilinx:tag xilinx:name="ui.data.coregen.dd@62dd5e7b_ARCHIVE_LOCATION">c:/Users/Pau/Documents/ip/Redpitaya-125-14-clk</xilinx:tag>
        <xilinx:tag xilinx:name="ui.data.coregen.dd@fe6fdd_ARCHIVE_LOCATION">c:/Users/Pau/Documents/ip/Redpitaya-125-14-clk</xilinx:tag>
        <xilinx:tag xilinx:name="ui.data.coregen.dd@7c3318eb_ARCHIVE_LOCATION">c:/Users/Pau/Documents/ip/Redpitaya-125-14-clk</xilinx:tag>
        <xilinx:tag xilinx:name="ui.data.coregen.dd@59f257b9_ARCHIVE_LOCATION">c:/Users/Pau/Documents/ip/Redpitaya-125-14-clk</xilinx:tag>
        <xilinx:tag xilinx:name="ui.data.coregen.dd@7668257_ARCHIVE_LOCATION">c:/Users/Pau/Documents/ip/Redpitaya-125-14-clk</xilinx:tag>
        <xilinx:tag xilinx:name="ui.data.coregen.dd@4468c83d_ARCHIVE_LOCATION">c:/Users/Pau/Documents/ip/Redpitaya-125-14-clk</xilinx:tag>
        <xilinx:tag xilinx:name="ui.data.coregen.dd@3e8ae119_ARCHIVE_LOCATION">c:/Users/Pau/Documents/ip/Redpitaya-125-14-clk</xilinx:tag>
        <xilinx:tag xilinx:name="ui.data.coregen.dd@72bf8263_ARCHIVE_LOCATION">c:/Users/Pau/Documents/ip/Redpitaya-125-14-clk</xilinx:tag>
        <xilinx:tag xilinx:name="ui.data.coregen.dd@31c2ec30_ARCHIVE_LOCATION">c:/Users/Pau/Documents/ip/Redpitaya-125-14-clk</xilinx:tag>
        <xilinx:tag xilinx:name="ui.data.coregen.dd@5c2a6aaa_ARCHIVE_LOCATION">c:/Users/Pau/Documents/ip/Redpitaya-125-14-clk</xilinx:tag>
        <xilinx:tag xilinx:name="ui.data.coregen.dd@256cab34_ARCHIVE_LOCATION">c:/Users/Pau/Documents/ip/Redpitaya-125-14-clk</xilinx:tag>
        <xilinx:tag xilinx:name="ui.data.coregen.dd@64fad447_ARCHIVE_LOCATION">c:/Users/Pau/Documents/ip/Redpitaya-125-14-clk</xilinx:tag>
        <xilinx:tag xilinx:name="ui.data.coregen.dd@72b363d8_ARCHIVE_LOCATION">c:/Users/Pau/Documents/ip/Redpitaya-125-14-clk</xilinx:tag>
        <xilinx:tag xilinx:name="ui.data.coregen.dd@66f19ded_ARCHIVE_LOCATION">c:/Users/Pau/Documents/ip/Redpitaya-125-14-clk</xilinx:tag>
        <xilinx:tag xilinx:name="ui.data.coregen.dd@35508c0c_ARCHIVE_LOCATION">c:/Users/Pau/Documents/ip/Redpitaya-125-14-clk</xilinx:tag>
        <xilinx:tag xilinx:name="ui.data.coregen.dd@3118a600_ARCHIVE_LOCATION">c:/Users/Pau/Documents/ip/Redpitaya-125-14-clk</xilinx:tag>
        <xilinx:tag xilinx:name="ui.data.coregen.dd@3315ebaa_ARCHIVE_LOCATION">c:/Users/Pau/Documents/ip/Redpitaya-125-14-clk</xilinx:tag>
        <xilinx:tag xilinx:name="ui.data.coregen.dd@52a3d65c_ARCHIVE_LOCATION">c:/Users/Pau/Documents/ip/Redpitaya-125-14-clk</xilinx:tag>
        <xilinx:tag xilinx:name="ui.data.coregen.dd@7190f436_ARCHIVE_LOCATION">c:/Users/Pau/Documents/ip/Redpitaya-125-14-clk</xilinx:tag>
        <xilinx:tag xilinx:name="ui.data.coregen.dd@9bd9e3d_ARCHIVE_LOCATION">c:/Users/Pau/Documents/ip/Redpitaya-125-14-clk</xilinx:tag>
        <xilinx:tag xilinx:name="ui.data.coregen.dd@1cfaa5a8_ARCHIVE_LOCATION">c:/Users/Pau/Documents/ip/Redpitaya-125-14-clk</xilinx:tag>
        <xilinx:tag xilinx:name="ui.data.coregen.dd@3a53570e_ARCHIVE_LOCATION">c:/Users/Pau/Documents/ip/Redpitaya-125-14-clk</xilinx:tag>
        <xilinx:tag xilinx:name="ui.data.coregen.dd@10f28514_ARCHIVE_LOCATION">c:/Users/Pau/Documents/ip/Redpitaya-125-14-clk</xilinx:tag>
        <xilinx:tag xilinx:name="ui.data.coregen.dd@68040343_ARCHIVE_LOCATION">c:/Users/Pau/Documents/ip/Redpitaya-125-14-clk</xilinx:tag>
        <xilinx:tag xilinx:name="ui.data.coregen.dd@35714938_ARCHIVE_LOCATION">c:/Users/Pau/Documents/ip/Redpitaya-125-14-clk</xilinx:tag>
        <xilinx:tag xilinx:name="ui.data.coregen.dd@7e35045b_ARCHIVE_LOCATION">c:/Users/Pau/Documents/ip/Redpitaya-125-14-clk</xilinx:tag>
        <xilinx:tag xilinx:name="ui.data.coregen.dd@1e8083b1_ARCHIVE_LOCATION">c:/Users/Pau/Documents/ip/Redpitaya-125-14-clk</xilinx:tag>
        <xilinx:tag xilinx:name="ui.data.coregen.dd@47752ed5_ARCHIVE_LOCATION">c:/Users/paugo/Documents/Pau/FPGA-Notes-for-Scientists/ip/Redpitaya-125-14-clk</xilinx:tag>
        <xilinx:tag xilinx:name="ui.data.coregen.dd@1c2364fb_ARCHIVE_LOCATION">c:/Users/paugo/Documents/Pau/FPGA-Notes-for-Scientists/ip/Redpitaya-125-14-clk</xilinx:tag>
        <xilinx:tag xilinx:name="ui.data.coregen.dd@4af2eefa_ARCHIVE_LOCATION">c:/Users/paugo/Documents/Pau/FPGA-Notes-for-Scientists/ip/Redpitaya-125-14-clk</xilinx:tag>
        <xilinx:tag xilinx:name="ui.data.coregen.dd@5cf8cf92_ARCHIVE_LOCATION">c:/Users/paugo/Documents/Pau/FPGA-Notes-for-Scientists/ip/Redpitaya-125-14-clk</xilinx:tag>
        <xilinx:tag xilinx:name="ui.data.coregen.dd@77b18e54_ARCHIVE_LOCATION">c:/Users/paugo/Documents/Pau/FPGA-Notes-for-Scientists/ip/Redpitaya-125-14-clk</xilinx:tag>
        <xilinx:tag xilinx:name="ui.data.coregen.dd@76c989c1_ARCHIVE_LOCATION">c:/Users/paugo/Documents/Pau/FPGA-Notes-for-Scientists/ip/Redpitaya-125-14-clk</xilinx:tag>
        <xilinx:tag xilinx:name="ui.data.coregen.dd@3297527f_ARCHIVE_LOCATION">c:/Users/paugo/Documents/Pau/FPGA-Notes-for-Scientists/ip/Redpitaya-125-14-clk</xilinx:tag>
        <xilinx:tag xilinx:name="ui.data.coregen.dd@57ddbfcb_ARCHIVE_LOCATION">c:/Users/paugo/Documents/Pau/FPGA-Notes-for-Scientists/ip/Redpitaya-125-14-clk</xilinx:tag>
        <xilinx:tag xilinx:name="ui.data.coregen.dd@381f993b_ARCHIVE_LOCATION">c:/Users/paugo/Documents/Pau/FPGA-Notes-for-Scientists/ip/Redpitaya-125-14-clk</xilinx:tag>
        <xilinx:tag xilinx:name="ui.data.coregen.dd@70bd0b59_ARCHIVE_LOCATION">c:/Users/paugo/Documents/Pau/FPGA-Notes-for-Scientists/ip/Redpitaya-125-14-clk</xilinx:tag>
        <xilinx:tag xilinx:name="ui.data.coregen.dd@477018e2_ARCHIVE_LOCATION">c:/Users/paugo/Documents/Pau/FPGA-Notes-for-Scientists/ip/Redpitaya-125-14-clk</xilinx:tag>
        <xilinx:tag xilinx:name="ui.data.coregen.dd@6ae04eb7_ARCHIVE_LOCATION">c:/Users/paugo/Documents/Pau/FPGA-Notes-for-Scientists/ip/Redpitaya-125-14-clk</xilinx:tag>
        <xilinx:tag xilinx:name="ui.data.coregen.dd@1ffe7d08_ARCHIVE_LOCATION">c:/Users/paugo/Documents/Pau/FPGA-Notes-for-Scientists/ip/Redpitaya-125-14-clk</xilinx:tag>
        <xilinx:tag xilinx:name="ui.data.coregen.dd@609c84d6_ARCHIVE_LOCATION">c:/Users/paugo/Documents/Pau/FPGA-Notes-for-Scientists/ip/Redpitaya-125-14-clk</xilinx:tag>
        <xilinx:tag xilinx:name="ui.data.coregen.dd@541c11b_ARCHIVE_LOCATION">c:/Users/paugo/Documents/Pau/FPGA-Notes-for-Scientists/ip/Redpitaya-125-14-clk</xilinx:tag>
        <xilinx:tag xilinx:name="ui.data.coregen.dd@5b21896b_ARCHIVE_LOCATION">c:/Users/paugo/Documents/Pau/FPGA-Notes-for-Scientists/ip/Redpitaya-125-14-clk</xilinx:tag>
        <xilinx:tag xilinx:name="ui.data.coregen.dd@2ff507bc_ARCHIVE_LOCATION">c:/Users/paugo/Documents/Pau/FPGA-Notes-for-Scientists/ip/Redpitaya-125-14-clk</xilinx:tag>
        <xilinx:tag xilinx:name="ui.data.coregen.dd@5d11a7b_ARCHIVE_LOCATION">c:/Users/paugo/Documents/Pau/FPGA-Notes-for-Scientists/ip/Redpitaya-125-14-clk</xilinx:tag>
        <xilinx:tag xilinx:name="ui.data.coregen.dd@722ac06e_ARCHIVE_LOCATION">c:/Users/paugo/Documents/Pau/FPGA-Notes-for-Scientists/ip/Redpitaya-125-14-clk</xilinx:tag>
        <xilinx:tag xilinx:name="ui.data.coregen.dd@787fa940_ARCHIVE_LOCATION">c:/Users/paugo/Documents/Pau/FPGA-Notes-for-Scientists/ip/Redpitaya-125-14-clk</xilinx:tag>
        <xilinx:tag xilinx:name="ui.data.coregen.dd@1b56039a_ARCHIVE_LOCATION">c:/Users/paugo/Documents/Pau/FPGA-Notes-for-Scientists/ip/Redpitaya-125-14-clk</xilinx:tag>
        <xilinx:tag xilinx:name="ui.data.coregen.dd@19c7ca2e_ARCHIVE_LOCATION">c:/Users/paugo/Documents/Pau/FPGA-Notes-for-Scientists/ip/Redpitaya-125-14-clk</xilinx:tag>
        <xilinx:tag xilinx:name="ui.data.coregen.dd@418bbef9_ARCHIVE_LOCATION">c:/Users/paugo/Documents/Pau/FPGA-Notes-for-Scientists/ip/Redpitaya-125-14-clk</xilinx:tag>
        <xilinx:tag xilinx:name="ui.data.coregen.dd@713369ea_ARCHIVE_LOCATION">c:/Users/paugo/Documents/Pau/FPGA-Notes-for-Scientists/ip/Redpitaya-125-14-clk</xilinx:tag>
        <xilinx:tag xilinx:name="ui.data.coregen.dd@508c1f28_ARCHIVE_LOCATION">c:/Users/paugo/Documents/Pau/FPGA-Notes-for-Scientists/ip/Redpitaya-125-14-clk</xilinx:tag>
        <xilinx:tag xilinx:name="ui.data.coregen.dd@5493bb1a_ARCHIVE_LOCATION">c:/Users/paugo/Documents/Pau/FPGA-Notes-for-Scientists/ip/Redpitaya-125-14-clk</xilinx:tag>
        <xilinx:tag xilinx:name="ui.data.coregen.dd@ad554f3_ARCHIVE_LOCATION">c:/Users/paugo/Documents/Pau/FPGA-Notes-for-Scientists/ip/Redpitaya-125-14-clk</xilinx:tag>
        <xilinx:tag xilinx:name="ui.data.coregen.dd@70da7c10_ARCHIVE_LOCATION">c:/Users/paugo/Documents/Pau/FPGA-Notes-for-Scientists/ip/Redpitaya-125-14-clk</xilinx:tag>
        <xilinx:tag xilinx:name="ui.data.coregen.dd@6b1761d9_ARCHIVE_LOCATION">c:/Users/paugo/Documents/Pau/FPGA-Notes-for-Scientists/ip/Redpitaya-125-14-clk</xilinx:tag>
        <xilinx:tag xilinx:name="ui.data.coregen.dd@2db9b766_ARCHIVE_LOCATION">c:/Users/paugo/Documents/Pau/FPGA-Notes-for-Scientists/ip/Redpitaya-125-14-clk</xilinx:tag>
        <xilinx:tag xilinx:name="ui.data.coregen.dd@5cc831c1_ARCHIVE_LOCATION">c:/Users/paugo/Documents/Pau/FPGA-Notes-for-Scientists/ip/Redpitaya-125-14-clk</xilinx:tag>
      </xilinx:tags>
      <xilinx:configElementInfos>
        <xilinx:configElementInfo xilinx:referenceId="BUSIFPARAM_VALUE.CLK.CLK_125.FREQ_HZ" xilinx:valueSource="ip_propagated" xilinx:valuePermission="bd_and_user"/>
        <xilinx:configElementInfo xilinx:referenceId="BUSIFPARAM_VALUE.CLK.CLK_125.PHASE" xilinx:valueSource="ip_propagated" xilinx:valuePermission="bd"/>
        <xilinx:configElementInfo xilinx:referenceId="BUSIFPARAM_VALUE.CLK.CLK_250.FREQ_HZ" xilinx:valueSource="ip_propagated" xilinx:valuePermission="bd_and_user"/>
        <xilinx:configElementInfo xilinx:referenceId="BUSIFPARAM_VALUE.CLK.CLK_250.PHASE" xilinx:valueSource="ip_propagated" xilinx:valuePermission="bd"/>
        <xilinx:configElementInfo xilinx:referenceId="BUSIFPARAM_VALUE.CLK.CLK_250_M45.FREQ_HZ" xilinx:valueSource="ip_propagated" xilinx:valuePermission="bd_and_user"/>
        <xilinx:configElementInfo xilinx:referenceId="BUSIFPARAM_VALUE.CLK.CLK_250_M45.PHASE" xilinx:valueSource="ip_propagated" xilinx:valuePermission="bd"/>
      </xilinx:configElementInfos>
    </xilinx:coreExtensions>
    <xilinx:packagingInfo>
      <xilinx:xilinxVersion>2020.2</xilinx:xilinxVersion>
      <xilinx:checksum xilinx:scope="busInterfaces" xilinx:value="ee21cf68"/>
      <xilinx:checksum xilinx:scope="fileGroups" xilinx:value="cd1aa4da"/>
      <xilinx:checksum xilinx:scope="ports" xilinx:value="6f093978"/>
      <xilinx:checksum xilinx:scope="parameters" xilinx:value="28a83c19"/>
    </xilinx:packagingInfo>
  </spirit:vendorExtensions>
</spirit:component>
